,name,genre,author,status,alt_title,views,score,nb_votes
0,Doraemon,Adventure-Comedy-Fantasy-Schoollife-Scifi-Sliceoflife,"
Fujiko F. Fujio ",Completed,ドラえもん; 哆啦A夢; 多啦A梦; 小叮噹; 小叮当; 机器猫; Đôrêmon; 萬能小叮噹; โดราเอมอน; 도라에몽; Doraemon Future Cat; Mèo Máy Đôrêmon; Doremon,4M,4.79,255
1,The Honor Student's Secret Job,Comedy-Schoollife-Shounen,"
Azuma Yuki ",Ongoing,Yuutousei to Himitsu no Oshigoto; 優等生と秘密のお仕事,3.8M,4.01,476
2,Kore kara Dandan Shiawase ni Natte Iku Kowai Onna Joushi,Comedy-Drama-Romance-Sliceoflife,"
Yano Toshinori ",Ongoing,"これからだんだん幸せになっていく怖い 女上司 ; رئيسة مرعبة تزداد سعادة وسعادة من الآن فصاعدًا ; Kore kara Dandan Shiawase ni Natte Iku Kowai Onna Joushi ; Korekara Dondon Shiawase ni Natte iku Kowai Jōshi ; A Scary Boss, But From Now on She's Going to Be Happier and Happier",195.2K,4.49,137
3,I Will Surrender the Position as Empress,Drama-Fantasy-Historical-Romance-Shoujo,"
마이구미 - 한보연 ",Ongoing,황후 자리를 버리겠습니다 ; I Will Give Up The Position as Empress,547.4K,4.73,259
4,44i99,Comedy,"
珠守 ",Ongoing,44 Loves 99 ; 44爱99,141.5K,2.18,175
5,Tonari no Kyuuketsuki-san,Comedy-Seinen-Sliceoflife-Supernatural,"
Amatou ",Ongoing,Ms. Vampire who lives in my neighborhood ; となりの吸血鬼さん ; 邻家的吸血鬼小妹,1.9M,4.61,197
6,Tonari no Kyuuketsuki-san,Comedy-Seinen-Sliceoflife-Supernatural,"
Amatou ",Ongoing,Ms. Vampire who lives in my neighborhood ; となりの吸血鬼さん ; 邻家的吸血鬼小妹,1.9M,4.61,197
7,Oretachi no Field,Drama-Shounen-Sports,"
Muraeda Kenichi ",Ongoing,俺たちのフィールド ; 我们的足球场 ; 足球好小子 ; Our Field of Dreams,711K,4.67,43
8,Drug Devourer,Action-Adventure-Fantasy-Shounen-Manhwa,"
Ara - Hanjib ",Ongoing,약빨이 신선함 ;The Medicine Is Fresh ,8.9M,4.57,743
9,It's Over! Empress’ Husband is Actually Invincible,Action-Adventure-Comedy-Drama-Fantasy-Historical-Romance,"
番茄漫画 ",Ongoing,Empress’ Husband is Actually Invincible; 完了啊！女帝的软饭丈夫居然无敌 / Wanliao Ah! Nvdi De Ruan Fan Zhangfu Juran Wudi,8.2M,"rate :
4.44/
5",5
10,What Do You Do If the Heroine Escapes From Your Novel?,Drama-Fantasy-Romance-Shoujo-Shoujoai,"
速度线工作室 ",Ongoing,Nǚ Zhǔ Cóng Shū Lǐ Pǎo Chūláile Zěnme Bàn Nữ chính từ trong sách chạy ra ngoài rồi phải làm sao đây What Do You Do if the Heroine Escapes From Your Novel? What to Do Now If the Heroine Escapes From the Book? 女主从书里跑出来了怎么办,33.5K,4.24,45
11,Library of Heaven's Path,Action-Adventure-Comedy-Drama-Fantasy-Martialarts-Manhua,"
Heng Sao Tian Ya - Huoli Xiongmao ",Ongoing,Tian Dao Library ; Tian Dao Tu Shu Guan ; 天道图书馆,33.7M,4.75,4821
12,Transistor Teaset,Comedy-Mecha-Sliceoflife-Yuri,"
Yoshimi Sato ",Ongoing - No Set Relea,トランジスタティーセット～電気街路図～ ; Transistor Teaset - Denki Gairozu,258.2K,4.27,26
13,Tenmaku no Jadougal,Drama-Historical-Josei,"
Tomato Soup ",Ongoing,A Witch's Life in Mongol,12.3K,4.33,12
14,The plain girl sitting next to me,Romance-Schoollife-Yuri,"
Inuto ",Ongoing,The Plain Girl Sitting Next to Me ; となりの席の地味な奴,742.5K,4.43,998
15,Song of the Sky Walkers,Action-Adventure-Drama-Fantasy-Historical-Martialarts-Shoujo-Webtoons,"
Da Xia ",Ongoing,"Bù Tiān Gē ,步天歌",6.2M,4.66,1167
16,Baby Come On!!,Fantasy-Mystery-Romance-Shounen-Supernatural,"
A Jia ",Ongoing,Bài Tuō Ràng Wǒ Cháng Yī Kǒu ; Please Let Me Try A Bite! ; 拜托让我尝一口,785.7K,3.14,166
17,Sonna Kazoku nara Sutechaeba?,Drama-Seinen,"
Murayama Wataru ",Ongoing,そんな家族なら捨てちゃえば? ; Một gia đình như vậy có đáng để giữ lại không?,81.7K,4.05,63
18,Yowamushi Pedal,Comedy-Drama-Shounen-Sports,"
Watanabe Wataru (渡辺航) ",Ongoing,弱虫ペダル (Japanese); 飆速宅男 (Chinese); Weakling Pedal (English),11.5M,4.63,274
19,The Mochi I Drew Is Tasty Today Too,Fantasy-Shounen-Sliceoflife-Isekai,"
Mochimochi Matter - Baito Asuka ",Ongoing,今日も絵に描いた餅が美味い ; Kyou mo E ni Kaita Mochi ga Umai ; 今日も絵に描いた餅が美味い@COMIC,839.4K,4.83,642
20,The Mochi I Drew Is Tasty Today Too,Fantasy-Shounen-Sliceoflife-Isekai,"
Mochimochi Matter - Baito Asuka ",Ongoing,今日も絵に描いた餅が美味い ; Kyou mo E ni Kaita Mochi ga Umai ; 今日も絵に描いた餅が美味い@COMIC,839.4K,4.83,642
21,Boku no Kanojo ga Majime Sugiru Shojo Bitch na Ken,Comedy-Romance-Schoollife-Shounen,"
Matsumoto Namiru ",Ongoing,僕の彼女がマジメ過ぎる処女ビッチな件 (Japanese); 关于我女友是个一本正经的碧池这件事 (Chinese); My Girlfriend is faithful virgin bitch (English),8M,4.56,673
22,TEKNO,Action-Adventure-Comedy-Drama-Fantasy-Mecha-Mystery-Psychological-Shounen-Sliceoflife,"
Blu Manga ",Ongoing,The Only Manga Worth Reading ; The Shonen Manga for People Tired of Shonen,1.1M,3.79,1023
23,TEKNO,Action-Adventure-Comedy-Drama-Fantasy-Mecha-Mystery-Psychological-Shounen-Sliceoflife,"
Blu Manga ",Ongoing,The Only Manga Worth Reading ; The Shonen Manga for People Tired of Shonen,1.1M,3.79,1023
24,Stockpiling Ten Thousand Tons of Pork During the Apocalypse,Action-Supernatural,"
恨年少无知 ",Ongoing,"空间系老六,末世先囤一万吨猪肉 ; 末世：开局先囤十亿物资 ; 空间系老六，末世先囤一万吨猪肉 ; Kongjian Xi Lao Liu, Moshi Xian Dun Yi Wan Dun Zhurou ; Kōngjiān Xì Lǎo Liù, Mòshì Xiān Dùn Yī Wàn Dùn Zhūròu",41.3K,4.67,54
25,Stockpiling Ten Thousand Tons of Pork During the Apocalypse,Action-Supernatural,"
恨年少无知 ",Ongoing,"空间系老六,末世先囤一万吨猪肉 ; 末世：开局先囤十亿物资 ; 空间系老六，末世先囤一万吨猪肉 ; Kongjian Xi Lao Liu, Moshi Xian Dun Yi Wan Dun Zhurou ; Kōngjiān Xì Lǎo Liù, Mòshì Xiān Dùn Yī Wàn Dùn Zhūròu",41.3K,4.67,54
26,BUTLER,Romance-Yaoi,"
Kanda Neko ",Ongoing,버틀러 ; BUTLER-バトラー-,497.3K,3.81,124
27,Deliverance of the Counterattack,Comedy-Shounenai-Webtoons,"
Haier ",Ongoing,"The Art of Taming His Husband, 逆袭之好孕人生; 娇奶爸休想逃, counterattack through pregnancy",6M,3.32,1333
28,Please Call Me Ghost Messenger,Action-Drama-Fantasy-Horror-Shounen-Supernatural-Manhua,"
徐二家的猫 ",Ongoing,"请叫我鬼差大人, Qing Jiao Wo Gui Chai Daren",55.4K,4.39,36
29,Revenge of the Top Ranker,Action-Drama-Fantasy,"
Watari Ryuuto ",Ongoing,復讐のトップランカー ; Fukushuu no Top Ranker,62.7K,4.57,84
30,The Secret of the Partner Next to You,Comedy-Mystery-Romance-Schoollife,"
Chaegun ",Ongoing,Jae-Kyung's Secret ; The Secret of Jae-Kyung ; El secreto de Jae-Kyung ; 옆자리 짝꿍의 비밀,1.3M,4.71,225
31,Goldo,Drama-Seinen-Sports,"
Takahashi Kouji ",Ongoing,ゴルドオ,30.6K,3.67,6
32,Boukyou Tarou,Adventure-Drama-Historical-Psychological-Seinen-Supernatural,"
Yamada Yoshihiro ",Ongoing,Bokyo Taro ; Homesick Tarou ; 望郷太郎,81.5K,4.78,95
33,I was Stuck on the Same Day for One Hundred Thousand Years,Action-Adventure-Comedy-Fantasy-Harem-Martialarts-Manhua,"
Iciyuan ",Ongoing,The Time of Rebirth ; I Was Stuck on the Same Day for One Hundred Thousand Years ; I Was Trapped on the Same Day for a Hundred Millennium ; 10만 년째 오늘을 살던 놈 ; 十万年の無限ループから脱出した ; 我被困在同一天十万年 ; 我被困在同一天十萬年,35.6M,"rate :
4.5/
5",5
34,I was Stuck on the Same Day for One Hundred Thousand Years,Action-Adventure-Comedy-Fantasy-Harem-Martialarts-Manhua,"
Iciyuan ",Ongoing,The Time of Rebirth ; I Was Stuck on the Same Day for One Hundred Thousand Years ; I Was Trapped on the Same Day for a Hundred Millennium ; 10만 년째 오늘을 살던 놈 ; 十万年の無限ループから脱出した ; 我被困在同一天十万年 ; 我被困在同一天十萬年,35.6M,"rate :
4.5/
5",5
35,Don’t Say You Love Me,Fantasy-Romance-Shounenai,"
Xi Yu’Er ",Ongoing,别对我表白,3.8M,4.42,704
36,Martial Arts Alone,Action-Adventure-Drama-Martialarts,"
Ttangpi ",Ongoing,나 홀로 무공,5M,4.61,490
37,Infinite Leveling: Murim,Action-Adventure-Comedy-Fantasy-Martialarts-Shounen,"
Jinwoo Kim - Gonbung - Poku ",Ongoing,Infinite Level up in Murim ; Muhan Rebereob in Murim ; Unlimited Level-ups in Murim ; 無限 Level up in 武林 ; 무한 레벨업 in 무림,51.5M,"rate :
4.61/
5",5
38,The Golden Light of Dawn,Drama-Fantasy-Historical-Romance-Shoujo-Webtoons-Manhwa,"
Seolon Han / Manta Comics ",Ongoing,The Golden Light of Dawn / The golden dawn light will shine for you / 황금빛 여명이 너를 비추리,2.9M,4.45,116
39,STUCK IN THE TOWER,Action-Adventure-Fantasy-Supernatural-Manhwa,"
Sitt ",Ongoing,"탑에 갇혀 고인물, Stuck in the Tower",7.6M,4.53,2012
40,"Shall We Bathe, Your Grace?",Comedy-Fantasy-Historical,"
Nokan - Summer (Ii) ",Ongoing,"공작님, 우리 목욕합시다! ; Duke, Let's Take A Bath!",810.9K,4.72,60
41,Unbreakable Master,Action-Drama-Fantasy-Romance-Shounenai,"
Jeon Yu Ho ",Ongoing,The Unbreakable Master ; 不可阻挡的主君大人 ; 언브레이커블 마스터,790.3K,3.84,79
42,The Dilettante,Action-Drama-Josei-Mature-Mystery-Romance-Schoollife-Shoujo-Sliceoflife,"
Jin Soye - Surreuk Comics ",Ongoing,딜레탕트,2.1M,4.76,134
43,The Ten Great Emperors At The Beginning Are All My Apprentices,Action-Fantasy-Historical-Martialarts-Shounen,"
Iciyuan ",Ongoing,"Ten Emperors Are My Disciples, The Ten Great Emperors at the Beginning Are All My Apprentices, Thập Đại Đế Hoàng Đều Là Đệ Tử Của Ta, 开局十个大帝都是我徒弟",2.7M,4.61,725
44,Rental Hero,Action-Drama-Fantasy-Shounen,"
Porto ",Ongoing,렌탈히어로,2.2M,4.7,340
45,Existence,Action-Adventure-Drama-Fantasy-Supernatural-Tragedy,"
Gwang Jin - Kim Kyeong-Jun ",Ongoing,존재 ; Jonjae,23.3M,"rate :
4.65/
5",5
46,Sword Immortal Martial Emperor,Action-Drama-Fantasy-Historical-Martialarts-Shounen-Manhua,"
三界动画 ",Ongoing,Jian Xian Wudi: Kaiju Xuanwu Men Zhi Bian ; Jiàn Xiān Wǔdì: Kāijú Xuánwǔ Mén Zhī Biàn ; Sword Immortal Martial Emperor: Starting in the Rebellion of Xuanwu Gate ; 剑仙武帝：开局玄武门之变,1.9M,4.04,132
47,AI: Patrol Car!,Comedy,"
Yagisawa Keiichi ",Ongoing,AI：パト！ ; AI: Pato!,48.9K,4.2,56
48,Rutou-san ni wa Kanaimasen!,Romance-Schoollife-Seinen-Sliceoflife,"
Aizaki Utau ",Ongoing,瑠東さんには敵いません！ ; 瑠东同学无人能敌！ ; Rutou-san ni ha Kanaimasen!,34K,2.97,30
49,I'm Worried About My Classmate Who's Covered in Bruises,Drama-Romance-Schoollife,"
Kuga Tsuniya ",Ongoing,痣だらけのクラスメイトが心配 ; Azadarake no Classmate ga Shinpai ; Tôi lo lắng cho người bạn cùng lớp đầy những vết bầm tím,516.4K,4.57,324
50,The Game That I Came From,Action-Adventure-Fantasy-Supernatural,"
Mokf ",Ongoing,I Back From a Game ; I Came From the Game ; ふりだしから始まる覚醒者 ; 我来自游戏 ; 어웨이크닝: 회귀 플레이어 ; Wo Laizi Youxi,32.8M,"rate :
4.68/
5",5
51,The Price of Breaking Up,Drama-Fantasy-Romance-Webtoons-Manhwa,"
Aidela - Arc - Studio Inus ",Ongoing,파혼의 대가 ; The Price of Separation,5.4M,4.55,311
52,Witch Guild Fantasia,Action-Drama-Fantasy-Yuri,"
Urushino Rihito ",Ongoing,ウィッチギルド ファンタジア,701.7K,4.16,317
53,Souei Sousho,Comedy-Drama-Historical-Shounen,"
Funamoto Erika ",Ongoing,双影双書,178.1K,4.77,62
54,"Hogushite, Yui-san",Seinen-Sliceoflife,"
Minamito ",Ongoing,ほぐして、癒衣さん。 ; 抱抱我吧、愈衣小姐。,280.8K,4.07,276
55,VERSUS,Action-Fantasy-Martialarts-Shounen-Supernatural-Tragedy,"
One - Azuma Kyoutarou ",Ongoing,Versus ; バーサス,3.5M,4.84,562
56,Once More,Comedy-Drama-Romance-Schoollife-Shoujo-Webtoons,"
Han Xu ",Ongoing,"Again With You,Zai Du Yu Ni,再度与你",8.1M,4.75,1330
57,CHUU,Schoollife-Sports,"
Tahara Kazunori ",Ongoing,宙－CHUU－,10.7K,3.78,9
58,CHUU,Schoollife-Sports,"
Tahara Kazunori ",Ongoing,宙－CHUU－,10.7K,3.78,9
59,I’m Worried about My Classmate That’s Covered in Bruises,Drama-Schoollife,"
Kuga Tsuniya ",Ongoing,痣だらけのクラスメイトが心配 ; Azadarake no Classmate ga Shinpai,2.4M,4.65,752
60,Shiroyama to Mita-san,Comedy-Romance-Schoollife-Shounen-Sliceoflife,"
Kusakabe Yuuhei ",Ongoing,白山と三田さん ; Широяма и Мита-сан ; Shiroyama to Mita-san,631K,4.9,308
61,Last Karte - Houjuuigakusha Touma Kenshou no Kioku,Drama-Medical-Mystery-Schoollife-Shounen-Supernatural,"
Asayama Wakabi ",Ongoing,Last Karte ; ラストカルテ-法獣医学者 当麻健匠の記憶-,534K,4.71,202
62,Daybreaking Romance,Comedy-Drama-Romance-Sliceoflife,"
Yoowol ",Ongoing,"동트는 로맨스, Dawning Romance, Break Of Dawn Romance",723.7K,4.75,334
63,Frenzy Train,Drama-Webtoons-Yaoi,"
Mehwagwa - Hellowon ",Ongoing,Train of the Craze ; 시선의 의미,1.1M,3.14,232
64,Itsuki and Haru,Drama-Yaoi,"
Satomi Yue ",Ongoing,Itsuki to Haru ; Itsuki and Haru ; Not just a childhood friend ; Osananajimi to iu dake de wa ; イツキトハル ; 幼馴染みと言うだけでは,227.1K,4.12,93
65,Sorry For Falling In Love,Romance-Schoollife,"
ぐりら ",Ongoing,好きになってごめん ; Suki Ni Natte Gomen,140.2K,3.17,234
66,"My S-Rank Party Fired Me for Being a Cursificer ~ I Can Only Make “Cursed Items”, but They're Artifact Class!",Action-Adventure-Comedy-Fantasy-Shounen,"
Lagun ",Ongoing,"Ｓランクパーティから解雇された【呪具師】～『呪いのアイテム』しか作れませんが、その性能はアーティファクト級なり……！～ ; S-Rank Party Kara Kaikosareta ""Jugushi"" - ""Noroi no Item"" Shika Tsukuremasen ga, Sono Seinou wa Artifact-kyuu nari......!",7.7M,"rate :
4.5/
5",5
67,Nihonkoku Shoukan,Action-Adventure-Drama-Fantasy-Seinen-Supernatural,"
Takano Chiharu - Minorou ",Ongoing,Japan Summon ; Japan Summons ; Summoned Japan ; 日本国召喚,7.1M,4.74,1589
68,My Wife Is a Demon Queen,Adventure-Fantasy-Romance-Webtoons,"
Rong Rong ",Ongoing,Mi esposa es una reina demonio ; Wo Laopo Shi Mowang Daren ; 我老婆是魔王大人,192.4M,"rate :
4.58/
5",5
69,Beyond Myriad Peoples,Action-Fantasy-Harem-Martialarts-Romance-Shounen,"
Boyi Animation ",Ongoing,Beyond a Myria of Peoples ; Beyond Myriad Peoples ; Who Is Your Daddy ; 万人之上 ; 萬人之上 ;ABOVE TEN THOUSAND PEOPLE,22.6M,"rate :
4.76/
5",5
70,Reincarnation of the Suicidal Battle God,Fantasy-Shounen-Supernatural-Webtoons-Manhwa,"
Cheong Dam ",Ongoing,To a New Life ; 투신전생기,73.7M,"rate :
4.83/
5",5
71,This is the Law,Action-Drama-Fantasy-Supernatural,"
스튜디오 이너스 - 자카예프 ",Ongoing,이것이 법이다 ; Таков закон ; Igeosi Beobida ; サイコメトリー〜能力持ちの弁護士〜 ; Esta é a Lei,16.5M,4.76,2078
72,Bound,Drama-Historical-Martialarts-Webtoons-Yaoi,"
Gwendolyn ",Ongoing,Fate (Gwendoline) ; 缘分 ; 인연 (그웬돌린),927.6K,3.99,406
73,Perfect Surgeon,Drama-Fantasy-Medical-Seinen-Sliceoflife,"
Moidal (뫼달) - Wan.z ",Ongoing,퍼펙트 써전 ; Идеальный хирург,17.6M,4.71,1007
74,Ordinary Person A,Comedy-Fantasy,"
Geumbich Yeonghon ",Ongoing,General A ; 일반인 A,75.3K,4.38,89
75,Smyrna & Capri,Historical-Erotica,"
Brothers Without A Tomorrow ",Ongoing,스미르나 & 키프리,3.4M,4.5,637
76,The Guy She Was Interested in Wasn't a Guy at All,Romance-Schoollife-Shoujoai-Yuri,"
Arai Sumiko ",Ongoing,"Ki ni Natteru Hito ga Otoko Janakatta ; Kininatteru Hito ga Otoko Jyanakatta ; O cara que ela estava interessada não era um cara ; Pria Yang Dia Suka Ternyata Sama Sekali Bukan Pria ; Хлопець, який її цікавив, взагалі не був хлопцем ; 気になってる人が男じゃなかった",5.9M,4.41,1735
77,Artiste,Cooking-Seinen-Sliceoflife,"
Samoyed Tarou ",Ongoing,アーティスト ; Artiste 料理艺术之路 ; 아르티스트(Artiste),103.7K,4.78,50
78,The Rise of the Unemployed Wise Man,Action-Adventure-Comedy-Fantasy,"
Mikawa Ghost - Oomine ",Ongoing,失業賢者の成り上がり　～嫌われた才能は世界最強でした～,40.1M,"rate :
4.57/
5",5
79,"Keep A Low Profile, Sect Leader",Action-Drama-Fantasy-Historical-Martialarts-Schoollife-Shounen-Manhua,"
二胡藏剑 - 阅文漫画 ",Ongoing,"Zhang Men Di Diao Dian ; Headmaster, Keep Yourself Low Profile ; Keep a Low Profile, Sect Leader ; Sect Head, Be a Bit Modest ; Zhǎng Mén Dī Diào Diǎn ; 掌门低调点",21.7M,4.78,2853
80,ENNEAD,Historical-Supernatural-Yaoi,"
Mojito ",Ongoing, Enneadeu; Энеада; Энеада,5.7M,4.03,714
81,Did You Do Naughty Things with My Voice?,Mature-Smut-Yaoi,"
Coco Haramiya ",Ongoing,"俺の声でえっちなことしてた？ ;
Ore no Koe de Ecchi na Koto Shiteta?",41.2K,3.72,36
82,My Civil Servant Life Reborn in the Strange World,Action-Adventure-Comedy-Fantasy-Manhwa,"
Jd - Il.k (일계) ",Ongoing,My Civil Servant Life as a Reincarnated Battle Race ; 戦闘種族に転生した俺の公務員生活記 ; 转生为战斗种族的我，想过悠闲生活 ; 전투종족으로 환생한 나의 공무원 생활기,14.8M,"rate :
4.26/
5",5
83,Check In to Your Heart,Drama-Romance-Shoujo,"
P.cong ",Ongoing,Check In to My Heart ; Check In to Your Heart ; Will It Be Better or Love? Will It Get Better or Will It Be Love? 좋아질까 사랑일까,1.7M,4.69,172
84,Corpse Party,Drama-Horror-Mystery-Psychological-Romance-Schoollife-Shounen-Supernatural-Tragedy,"
Chihiro ",Ongoing,コープスパーティー,181.8K,4.32,22
85,Apex Future Martial Arts,Action-Fantasy-Martialarts,"
常盘勇者 ",Ongoing,"Gao Wu: Denglu Weilai Yi Wan Nian ; Gāo Wǔ: Dēnglù Wèilái Yī Wàn Nián ; Logging 10,000 Years into the Future ; Martial Art: Future's Ten Thousand Years ; 高武：登陆未来一万年",12.2M,"rate :
4.84/
5",5
86,I’m Trapped In This Day For One Thousand Years,Action-Adventure-Drama-Fantasy-Shounen-Supernatural-Manhua,"
丧泽 - 春日文化 ",Ongoing,I'm Stuck on the Same Day for a Thousand Years ; Wo Bei Kun Zai Tongyi Tian Yiqian Nian ; Wǒ Bèi Kùn Zài Tóngyī Tiān Yīqiān Nián ; 我被困在同一天一千年,6.6M,4.7,893
87,Why Would a Villainess Have Virtues?,Drama-Josei-Romance-Manhwa,"
Cheon Ee-Eol ",Ongoing,Justice for the Villainess ; No Loyalty for a Villainess ; Where Is Justice for the Villainess? ; Why Would a Villainess Have Virtue? ; 恶女哪来的义气 ; 悪女に義理などありません ; 惡女에게 義理가 어디 있어 ; 악녀에게 의리가 어디 있어,12.8M,4.51,653
88,Love Blossoms in Hwawol Valley,Fantasy-Historical-Romance,"
Keihong - Park Sung Sil ",Ongoing,"어서오세요, 화월당입니다",380.1K,4.12,52
89,"My Sweet Enemy, Thy Name is Husband",Drama-Fantasy-Josei-Romance,"
Updating ",Ongoing,Political Marriage With a Friendly Enemy / 상냥한 원수와의 정략결혼,270.9K,4.34,44
90,Kyou mo Beranda de,Comedy-Romance-Seinen-Sliceoflife,"
Issei Itokawa ",Ongoing,今日もベランダで ; On the balcony again today ; Kyou mo Veranda de ; Сегодня снова на балконе,202K,4.87,182
91,Perhaps You're Mine,Comedy-Drama-Josei-Romance,"
Cikakey ",Ongoing,Perhaps Mine,1.8M,4.29,63
92,Supreme Demon Return,Action-Adventure-Fantasy-Martialarts,"
乐游映画 ",Ongoing,"Supremacy of demon world(Manga Toon), Demon Road Supreme, 妖道至尊之妖皇归来",2.7M,4.04,456
93,King Of Octagon,Action-Adventure-Drama-Martialarts-Manhwa,"
Gopubi - Philip ",Ongoing,옥타곤의 제왕; King of the Octagon,9.7M,"rate :
4.75/
5",5
94,Lady Crystal is a Man,Comedy-Drama-Fantasy-Genderbender-Josei-Romance-Webtoons-Manhwa,"
Jeoneona - Eona Jeon - No Non ",Ongoing,크리스탈 아가씨는 남자다,2.4M,4.23,266
95,This isn't it,Drama-Josei-Romance-Shoujo-Manhwa,"
Bom So Hee ",Ongoing,This Isn't It / 이게 아닌데 / This Isnt It / This Wasnt My Plan / This Wasn't My Plan,635K,3.96,25
96,I Adopted a Villainous Dad,Fantasy-Romance-Shoujo-Isekai,"
Cyam ",Ongoing,악당 아빠를 입양했다,1.3M,4.79,184
97,Kisei Shitara Juushi ga Kurashiteta,Updating,"
Juukyuu ",Ongoing,"帰省したら従姉が暮らしてた ; When I returned home, my cousin was living there ; When I returned home, my (older female) cousin was living there",403.7K,3.84,123
98,The Dark Queen and I Strike Back,Action-Adventure-Fantasy-Shounen-Isekai,"
Hideaki Yoshikawa ",Ongoing,"Maou to ore no Hangyakuki,魔王と俺の叛逆記",21.1M,4.42,2272
99,It Rains on Precious Days,Drama-Romance-Sliceoflife,"
Updating ",Ongoing,"Taisetsu na Hi wa Itsumo Ame, 大切な日はいつも雨, 重要的日子總是雨",362.8K,4.39,72
100,From a Knight to a Lady,Fantasy-Historical-Romance-Shoujo-Webtoons-Manhwa,"
Song Hye-Rim ",Ongoing,How the Knight Lives as a Lady ; How to Live as a Lady (Ink.) ; La forma en que el caballero vive como una dama ; The Way That Knight Lives as a Lady ; 重生骑士的名媛生活 ; 騎士女爵的生存之道 ; 그 기사가 레이디로 사는 법,11.5M,3.8,679
101,Revenge Queen,Fantasy-Josei-Romance,"
Bao Qing Manhua - 是荔之啊 - 杜了了 ",Ongoing,快穿女配冷静点,1.2M,4.53,152
102,Wu Dong Qian Kun,Action-Adventure-Fantasy-Martialarts-Shounen-Supernatural,"
Tang Jia San Shao ",Ongoing,Martial Movement Upheaval (English); 武动乾坤 (Chinese); Vũ Động Càn Khôn ; Võ Động Càn Khôn (Vietnamese - Tiếng Việt - TV),69.8M,"rate :
4.68/
5",5
103,Wu Dong Qian Kun,Action-Adventure-Fantasy-Martialarts-Shounen-Supernatural,"
Tang Jia San Shao ",Ongoing,Martial Movement Upheaval (English); 武动乾坤 (Chinese); Vũ Động Càn Khôn ; Võ Động Càn Khôn (Vietnamese - Tiếng Việt - TV),69.8M,"rate :
4.68/
5",5
104,Till The End Of The Moon,Fantasy-Historical-Romance,"
Teng Luo Wei Zhi ",Ongoing,Black Moonlight Holds the BE Script / 黑月光拿稳be剧本,36.5K,4.36,14
105,The Exiled Reincarnated Heavy Knight Is Unrivaled in Game Knowledge,Action-Adventure-Fantasy-Isekai,"
Nekoko. - Brocco Lee ",Ongoing,Tsuihou Sareta Tenshou Juu Kishi wa Game Chishiki de Musou Suru ; 大ハズレだと追放された転生重騎士はゲーム知識で無双する,29.1M,"rate :
4.66/
5",5
106,Solid State,Scifi,"
Scott Higginbotham ",Ongoing,Solid State,5.7K,3.4,5
107,"I, The Invincible Villain Master With My Apprentices",Action-Drama-Fantasy-Martialarts-Shounen-Isekai,"
Sf Light Novels - 宁谖 ",Ongoing,反派师尊的我带着徒弟们天下无敌 ; Fǎnpài Shī Zūn De Wǒ Dàizhe Túdìmen Tiānxià Wúdí ; Fanpai Shi Zun De Wo Daizhe Tudimen Tianxia Wudi ; My Villainous Master Brings Along the Peerless Apprentices,12M,4.35,1034
108,My Disciples Are All Big Villains,Action-Drama-Fantasy-Manhua,"
【月天】 ",Ongoing,My Apprentices Are All Great Villains ; My Disciples Are All Big Villains ; My Disciples Are All Villains ; Wǒ De Túdì Dōu Shì Dà Fǎnpài ; 我的徒弟都是大反派,10.7M,"rate :
4.77/
5",5
109,This World is Money and Power,Action-Drama-Schoollife-Shounen-Manhwa,"
Han Dong Woo ",Ongoing,The World is Money and Power ; 세상은 돈과 권력,2.9M,4.41,155
110,Half Ghost,Romance-Schoollife-Supernatural,"
Saejung ",Ongoing,반귀,1.8M,4.69,214
111,Half Ghost,Romance-Schoollife-Supernatural,"
Saejung ",Ongoing,반귀,1.8M,4.69,214
112,Half Ghost,Romance-Schoollife-Supernatural,"
Saejung ",Ongoing,반귀,1.8M,4.69,214
113,Fork & Knife,Action-Fantasy-Shounen,"
Sambak ",Ongoing,포크&나이프,46.2K,4.72,50
114,To the Stars I Love,Drama-Romance-Shoujo-Supernatural,"
Gonarija ",Ongoing,Dear Actresses ; 恋する女優たち ; 사랑하는 여배우들,94.4K,3.91,11
115,Gareki!: After School of Modeler Girls,Schoollife-Shounen-Sliceoflife,"
ヨゲンメ ",Ongoing,ガレキ！－造形乙女の放課後－ ; Gareki! Modeller Girls no Houkago,38.5K,3.93,15
116,My Roommate Isn't From This World (Serialized Version),Comedy-Horror-Romance-Seinen-Supernatural,"
Nakamura Enjitsu ",Ongoing,同居人がこの世のモンじゃない 連載版 ; Doukyonin ga Konoyo no Mon janai Rensai-ban,29.2K,4.34,32
117,Maou to Ore no Hangyakuki,Action-Adventure-Drama-Fantasy-Harem-Shounen,"
Yoshikawa Hideaki ",Ongoing,The Dark Queen and I Strike Back ; Королева Демонов и я наносим ответный удар ; 魔王と俺の叛逆記,8.7M,3.36,507
118,Mushishi Gaitanshuu,Fantasy-Mystery-Seinen-Sliceoflife-Supernatural,"
Ashinano Hitoshi - Imai Tetsuya - Yoshida Motoi - Toyoda Tetsuya - Kumakura Takatoshi ",Ongoing,Shimmering of the Sea ; 蟲師 外譚集 ; Hizumu Shirabe ; Tagiru Yu ; Umi no Chirachira ; Kumiki no Hora ; Kage Fumi ; 歪む調べ ; 滾る湯 ; 海のちらちら ; 組木の洞 ; 影踏み,8.7K,4.8,5
119,Ichigo no Haitta Soda-sui,Comedy-Schoollife-Shoujoai-Sliceoflife,"
Arai Cherry ",Ongoing,Strawberry in Soda Water ; Strawberry soda water ; Ichigo no Haitta Soda Mizu,186.9K,3,96
120,Only I Know That the World Will End,Action-Fantasy-Horror-Mystery-Shounen-Isekai,"
Haijima Shigeru - Tsubasa ",Ongoing,"Kono Sekai ga Izure Horobu Koto wo, Ore dake ga Shitte Iru ; Kono Sekai ga Izure Horobu Koto o, Ore dake ga Shitte Iru ; Kono Sekai ga Izure Horobu Koto o, Ore dake ga Shitte Iru - Monster ga Arawareta Sekai de, Shi ni Modori Level Up ; この世界がいずれ滅ぶことを、俺だけが知っている ; この世界がいずれ滅ぶことを、俺だけが知っている～モンスターが現れた世界で、死に戻りレベルアップ～",1.9M,4.74,1199
121,I Work Nine To Five In The Immortal Cultivation World,Action-Fantasy-Historical-Martialarts-Shounen-Manhua,"
欢欢 - 闻源文化 ",Ongoing,Wo Zai Xiuxian Shijie Chao Jiu Wan Wu ; I Live From Nine to Five in the World of Cultivating Immortals ; I Work Nine to Five in the Immortal Cultivation World ; Wǒ Zài Xiūxiān Shìjiè Cháo Jiǔ Wǎn Wǔ ; 我在修仙世界朝九晚五,2.2M,4.72,482
122,Is It Odd That I Became An Adventurer Even If I Graduated The Witchcraft Institute?,Action-Adventure-Comedy-Drama-Fantasy-Seinen-Supernatural,"
Ikapon - Sayaka Arima ",Ongoing,"Majutsugakuin wo Shuseki de Sotsugyou Shita Ore ga Boukensha wo Hajimeru no wa Sonna ni Okashii Darouka,Majutsu Gakuin wo Shuseki de Sotsugyoushita Ore ga Boukensha wo Hajimeru no wa sonnna ni okashii darouka,魔術学院を首席で卒業した俺が冒険者を始めるのはそんなにおかしいだろうか",16.2M,4.7,1997
123,Yeon Woo's Innocence,Comedy-Romance-Schoollife-Shoujo-Sliceoflife,"
Esol ",Ongoing,연우의 순정 ; Yeonwoo Sunjeong ; Yeonwoo's Innocence ; 延禹的纯情 ; รักใสๆ ของยอนอู,8.2M,4.59,1001
124,Yeon Woo's Innocence,Comedy-Romance-Schoollife-Shoujo-Sliceoflife,"
Esol ",Ongoing,연우의 순정 ; Yeonwoo Sunjeong ; Yeonwoo's Innocence ; 延禹的纯情 ; รักใสๆ ของยอนอู,8.2M,4.59,1001
125,The Self-Disciplined Me Is Practically Invincible,Drama-Shounen,"
多格文化 ",Ongoing,自律的我简直无敌了 ; Zilv De Wo Jianzhi Wudile ; Zìlǜ De Wǒ Jiǎnzhí Wúdíle,182.9K,4.31,81
126,The Duke's 99th Bride,Drama-Fantasy-Romance,"
Choi Nokki - Geumbi ",Ongoing,Dük’ün 99.Gelini ; La 99sima sposa del duca ; Pengantin Ke-99 Duke ; The 99th Bride of the Duke ; 公爵家の99番目の花嫁 ; 公爵家的第99位新娘 ; 공작가의 99번째 신부,2.5M,4.36,59
127,The Duke's 99th Bride,Drama-Fantasy-Romance,"
Choi Nokki - Geumbi ",Ongoing,Dük’ün 99.Gelini ; La 99sima sposa del duca ; Pengantin Ke-99 Duke ; The 99th Bride of the Duke ; 公爵家の99番目の花嫁 ; 公爵家的第99位新娘 ; 공작가의 99번째 신부,2.5M,4.36,59
128,Hundred Ghost Stories of My Own Death,Horror-Mystery-Psychological-Shounen-Supernatural-Tragedy,"
Matono Anji ",Ongoing,僕が死ぬだけの百物語 ; Boku ga Shinu dake no Hyakumonogatari ; The Hundred Ghost Stories That Led to My Death,5M,4.74,438
129,Level 596 no Tanya Minarai,Action-Fantasy,"
Terao Yuuki ",Ongoing,レベル596の鍛冶見習い ; Level 596 no Tanya Minarai ; The Level 596 Apprentice Blacksmith ; The Apprentice Blacksmith of Level 596,445.5K,4.73,88
130,Kitchen soldier,Action-Adventure-Cooking-Drama-Shounen-Supernatural,"
Jrobin (제이로빈) ",Ongoing,"Kitchen Soldier , 취사병 전설이 되다 , Becoming a legend kitchen soldier , 菜鳥伙房兵 , บันทึกครัวค่ายทหาร , Становление легендарным поваром , Army Chef , Army Cook",5.3M,4.7,521
131,VR HERO,Action-Martialarts-Manhwa,"
Baek Minki ",Ongoing,VR히어로,1.2M,4.53,174
132,L.A.G,Action-Drama-Fantasy-Horror-Mystery-Psychological-Manhwa,"
Hyun Ahm (암현) - Apiro (아피로) ",Ongoing,Unlimited Passive ; 언리미티드 패시브 ; LAG ; Безграничные пассивные навыки ; Habilidades Passivas Ilimitadas,13.4M,4.79,2277
133,Cell,Action-Drama-Schoollife-Supernatural-Tragedy,"
Kang Hyung-Gyu ",Ongoing,CELL,2M,4.34,311
134,King of Martial Arts,Action-Adventure-Fantasy-Supernatural-Manhua,"
Xiaomingtaiji ",Ongoing,"The God Warrior King, 仙武帝尊",13.1M,4.06,454
135,"Calm Down, Revenge Queen",Fantasy-Josei-Romance,"
是荔之啊 - 杜了了 ",Ongoing,"Kuai Chuan Nv Pei Leng Jing Dian, Quick Transmigration: Revenge Queen, Revenge Queen, Xuyên Nhanh Nữ Phụ Bình Tĩnh Chút, 快穿女配冷静点, 脇役だって黙っていられない！, 퀸의 반란,",83.4K,4.16,19
136,Supremacy of The Demon World II,Action-Adventure-Fantasy-Harem-Historical-Martialarts-Manhua,"
Le You Yinghua ",Ongoing,Demonica Supreme: Return of the Demon King ; Demon Road Supreme ; Supremacy of The Demon World II ; Supreme Demon Return ; Supreme Demon Returns ; 妖道至尊之妖皇归来 ; 妖道至尊之妖皇歸來,2.4M,4.04,140
137,Eiyuu to Kenja no Tensei Kon,Action-Adventure-Comedy-Fantasy-Romance-Schoollife,"
Fujiki Washiro ",Ongoing,"英雄と賢者の転生婚 ; 英雄と賢者の転生婚 ~かつての好敵手と婚約して最強夫婦になりました~ ; Reincarnated • The Hero Marries the Sage ~After Becoming Engaged to a Former Rival, We Became the Strongest Couple~",1.4M,4.81,984
138,Naze Boku no Sekai wo Daremo Oboeteinai no ka?,Action-Adventure-Drama-Fantasy-Romance-Seinen-Tragedy-Isekai,"
Sazane Kei - Neco ",Ongoing,"Neden Kimse Benim Dünyamı Hatırlamıyor? ; Phy Sew lu, ele tis Es feo r-delis ec I. ; Why Doesn't Anybody Remember My World? ; Почему все забыли мой мир? ; なぜ僕の世界を誰も覚えていないのか？",16.1M,4.63,2528
139,"Shijou Saikyou no Daimaou, Murabito A ni Tensei suru",Action-Comedy-Fantasy-Harem-Shounen,"
Katou Myoujin - Kobota Misuho ",Ongoing,"Shijou Saikyou no Daimaou, Murabito A ni Tensei suru ; The Greatest Maou Is Reborned To Get Friends ; 史上最強の大魔王、村人Aに転生する",33.8M,"rate :
4.62/
5",5
140,Shutline,Drama-Mature-Romance-Webtoons-Yaoi,"
Kyou. - Kyo Woo ",Ongoing,셔트라인,5.5M,4.46,528
141,Heartrate Presto,Romance-Webtoons-Yaoi,"
Beetle - Salmon ",Ongoing,하트레이트 프레스토;,31K,4.07,43
142,The Way That Knight Lives As a Lady,Drama-Fantasy-Romance,"
Sung Hyerim ",Ongoing,그 기사가 레이디로 사는 법,21.8M,4.7,3472
143,Beipo Chengwei Fanpai Zhuixu,Action-Adventure-Comedy-Fantasy-Harem-Romance-Shounen,"
Yoousi ",Ongoing,Bèipò Chéngwéi Fǎnpài Zhuìxù ; Forced to Become the Villain's Son-In-Law ; I Become a Villain in My Novel ; ¡Me forzaron a convertirme en el villano de mi novela! ; 小説の結末を変えないと俺は死ぬ ; 被迫成为反派赘婿 ; 내 소설의 악역이 되다,10.3M,3.67,769
144,Tamed A Blackened Slave Man,Drama-Fantasy-Josei-Romance,"
Purple Village ",Ongoing,Taming a Corrupted Slave Man / 흑화한 노예남을 길들였다,1.1M,4.39,94
145,Prince’s Pampered Wife,Drama-Fantasy-Historical-Romance-Shoujo,"
Ake Comic - 阿柯文化 ",Ongoing,My Anti-Venom Wife ; Mad Concubine Provoking and Offending People: The Prince Unbridledly Spoils ; Prince's Pampered Wife ; Rě Huǒ Kuáng Fēi: Wángyé Fàngsì Chǒng ; Wild Concubine Stirring up the Fire: The Prince Wantonly Pampers ; 惹火狂妃：王爷放肆宠 ; 惹火狂妃：王爺放肆寵,1.4M,3.24,72
146,The East Wind of the Altas,Drama-Fantasy-Historical-Romance,"
Ziseo - Tappytoon Studio ",Ongoing,알타스의 동풍-후작 부인 스캔들,2.6M,4.28,147
147,"Author, In This Life I’m The Protagonist",Drama-Fantasy-Romance-Shoujo-Webtoons-Manhwa,"
Moon Squirrel - San (Ii) - Lee Rita ",Ongoing,"Author, I’m the heroine of this life ; 弃坑作者被迫当女主 ; 작가님, 이번 생은 여주인공입니다",946K,4.35,31
148,Lend Me Your Lips,Comedy-Drama-Romance,"
Updating ",Ongoing,입술 좀 빌려주세요,38.7K,3.71,7
149,Lend Me Your Lips,Comedy-Drama-Romance,"
Updating ",Ongoing,입술 좀 빌려주세요,38.7K,3.71,7
150,Gyaku Isekai Tensei Shite Kimowota ni Natte Shimatta dai Majutsushi Delray Curtis no Fujourina Nichijou,Drama-Fantasy-Schoollife-Shounen-Isekai,"
Itosugi Masahiro ",Ongoing,逆異世界転生してキモヲタになってしまった大魔術師デルレイ・カーチスの不条理な日常 ; The Absurd Everyday Life of Great Sorcerer Delray Curtis who was Reverse Reincarnated,115.7K,3.58,147
151,I’m Engaged to an Obsessive Male Lead,Drama-Fantasy-Historical-Romance-Webtoons-Manhwa-Isekai,"
Shuroop ",Ongoing,執着系主人公の契約フィアンセです ; 我拆了我磕的cp？; 집착남주의 계약직 약혼자입니다,4.9M,3.73,193
152,Only I Can Speak the Ancient Language of Magic,Fantasy-Romance-Isekai,"
Gajang ",Ongoing,빙의했는데 고대 언어가 한국어였습니다,329.4K,4.58,92
153,Kiyowa na Kanojo no ◯◯ nengo…,Comedy-Romance-Sliceoflife,"
Kyutai X ",Ongoing,気弱な彼女の◯◯年後… ; Kiyowa na Kanojo no ◯◯ nengo… ; Timid Girl ◯◯ Years Later...,32.9K,4.48,31
154,"Hey, Little Duke, Just Trust This Sister!",Fantasy-Romance-Shoujo,"
Moon Sihyun ",Ongoing,"이봐요, 아기 공작님 누나만 믿어! ; Hey, Just Trust This Big Sister, Little Duke ; Hey, Little Duke Only Trust Your Sister! ; Hey, Little Duke Have Faith in Your Sister! ; Ê Bé Công Tước, Cứ Tin Ở Chị Đi!",5.7M,4.64,217
155,My Husband is an Antisocial Count,Drama-Fantasy-Romance-Shoujo,"
Chirorin - Asato - Comee ",Ongoing,Kekkon Aite ga Komyu Sawa Hakushakuda Nante Kiitemasen! ; 結婚相手がコミュ障伯爵だなんて聞いてません！,3M,4.68,169
156,Silver Demon King,Action-Fantasy-Sliceoflife,"
Lee Hwan (이환) - Baekwoo ",Ongoing,Silver Devil King ; 은빛마계왕,6.1M,4.28,542
157,My Lifetime Husband Refuses to Divorce Me,Comedy-Drama-Fantasy-Romance-Webtoons-Manhwa,"
정하임 ",Ongoing,"My Lifetime Husband Refuses to Divorce Me , 시한부 남편이 이혼을 거부한다",476.8K,4.54,102
158,The Tyrant’s Crush,Fantasy-Josei-Romance,"
Hohee Hohee ",Ongoing,The Tyrant's Crus; รักของจอมเผด็จการ; 暴君の恋 폭군의 사랑,145.3K,3.04,78
159,"Once Wicked, Always Wicked",Fantasy-Romance-Shoujo,"
A-Nomad - Hwasie ",Ongoing,악녀는 악녀의 길을 간다 / The evil woman goes the way of the evil woman,62.7K,4.12,17
160,Revenge Against the Immoral,Drama-Josei-Psychological,"
Sakura (サクラ) ",Ongoing,Inmoraru ni Fukushū o Revenge Against the Immoral Take Revenge On Those Immorals インモラルに復讐を 制裁背叛的鐵鎚,662.8K,3.89,174
161,Revenge Against the Immoral,Drama-Josei-Psychological,"
Sakura (サクラ) ",Ongoing,Inmoraru ni Fukushū o Revenge Against the Immoral Take Revenge On Those Immorals インモラルに復讐を 制裁背叛的鐵鎚,662.8K,3.89,174
162,The Beast Within,Fantasy-Josei-Mature-Mystery-Romance,"
Updating ",Ongoing,"Citadel of Desire ;
Castle Of The Beast ;
야수의 성 ;
愛を知らない令嬢と野獣",229.1K,4.66,67
163,The Invicible Princess Is Bored Again Today,Drama-Fantasy-Romance-Webtoons-Manhwa,"
Updating ",Ongoing,The Invicible Princess Is Bored Again Today / The Max Level Princess is Bored Today as Well / 만렙 공녀는 오늘도 무료하다,16.8M,4.75,1104
164,Please Treat Your Friends Preciously,Comedy-Fantasy-Romance-Isekai,"
Queen ",Ongoing,친구는 소중히 대해 주세요,320.3K,4.81,21
165,My Girlfriend Is a Nine-Tailed Fox,Romance-Supernatural,"
Hong Jeong-Eun - Hong Mi-Ran - Yoo-Lim ",Ongoing,My Girlfriend Is a Gumiho,103.3K,4.5,12
166,To Have an Affair With Someone,Fantasy-Josei-Romance,"
Son Sehee ",Ongoing,맞바람을 핀다는 건,111K,4.28,32
167,Nullitas: Itsuwari no Hanayome,Drama-Fantasy-Genderbender-Historical-Josei-Mature-Psychological-Romance-Shoujo,"
Jezz - Ritou Harusumi ",Ongoing,Nullitas ; Nullitas ~The Counterfeit Bride~ ; Nullitas: Die falsche Braut ; Nullitas: La remplaçante ; Nullitas: Si Pengantin Palsu ; Nullitas: The Half-Blood Royalty ; Nuritas: False novia ; Нуллітес ; Нуллітес: Герцогиня - Напівкровка ; ヌリタス ; ヌリタス～偽りの花嫁～ ; 奴莉塔絲 ; 奴莉塔絲～偽裝的新娘～ ; 娜丽塔斯 ; 娜丽塔斯·一半的伯爵小姐 ; 눌리타스 ; 눌리타스 : 절반의 백작 영애,4.3M,4.57,662
168,Idiot Abella,Historical-Romance-Manhwa,"
Park Seung-Ah - Son Young Su - A-Me - 박승아 저 ",Ongoing,백치 아벨라; Idiot Abella; Silly Little Abella,709.3K,4.14,59
169,Flowers May Wither but You Remain,Drama-Historical-Romance-Shoujo-Manhwa,"
Baek Seol-Eun - Yeonseo ",Ongoing,Flowers Rot and You Remain ; The Flower Rots and You Remain ; 成为伯爵府的家教 ; 花は朽ちてもあなたは残る ; 花谢了，你还在 ; 꽃은 썩고 너는 남는다,2.2M,4.33,217
170,Flowers May Wither but You Remain,Drama-Historical-Romance-Shoujo-Manhwa,"
Baek Seol-Eun - Yeonseo ",Ongoing,Flowers Rot and You Remain ; The Flower Rots and You Remain ; 成为伯爵府的家教 ; 花は朽ちてもあなたは残る ; 花谢了，你还在 ; 꽃은 썩고 너는 남는다,2.2M,4.33,217
171,Don’t be obsessed with a spirit like me,Comedy-Harem-Historical-Romance-Manhwa,"
Bo-Ra Do - Miso ",Ongoing,저 같은 정령에게 집착하지 마세요!,115.1K,4.08,36
172,Living as the Tyrant's Older Sister,Romance-Shoujo-Webtoons-Isekai,"
Aperta - Chyobab ",Ongoing,폭군의 누나로 산다는 것은,33.2M,4.66,3808
173,It’s my first time getting married,Drama-Romance,"
Cha Hye-Jin (Chocolate Devil) ",Ongoing,저도 결혼은 처음이라서요; Let's Get Hitched ;Ini Pertama Kalinya Aku Menikah; It's My First Time Getting Married ; Mariée à tout prix ; 我也是第一次结婚 ; 結婚するのは初めてなので ; 저도 결혼은 처음이라서요,126.1K,4.24,17
174,I’m a Killer but I’m Thinking of Living as a Princess,Fantasy-Romance,"
김예린 - 장유라 ",Ongoing,"킬러지만 공주로 살아 볼까 해; I'm a Killer, But I Want to Live As a Princess",3.9M,4.38,604
175,Xiao Bai’s father is a wonderful person,Drama-Romance-Shoujo,"
Ake Culture ",Ongoing,Xiao Bai's Adonis Daddy ; Ayah Impian Xiaobai ; My Charming Daddy ; My Daddy is Mr. Perfect ; Xiao Bai's Mr. Perfect Daddy ; Xiao Bai’s Father Is A Wonderful Person ; Xiaobai's Dream Daddy ; 小白的男神爹地 ; 우리 아빠가 대표님이래요,8.5M,3.97,703
176,Dragon Master of the Olden Days,Action-Adventure-Fantasy,"
天空树漫工厂 ",Ongoing,Dragon Master (Sky Tree Comics Studio) ; Dragon Master of the Olden Days ; Dragon Rider of the Olden Days ; Jiù Rì Yù Lóng ;l 旧日驭龙,664.4K,4.68,255
177,Eternal Burning,Adventure-Drama-Psychological-Shounen-Tragedy,"
Hui Nan Que (回南雀) ",Ongoing,Endless Burning ; The Fall of Rationalism ; 烧不尽 ; Shao Bu Jin,124.1K,3.39,126
178,The Legend of Zelda: Oath of Lilto,Action-Adventure-Comedy-Drama-Fantasy-Shounen-Sliceoflife-Supernatural,"
Nintendo - Jin Munesue ",Ongoing,ゼルダの伝説: リルトの誓い ; Zeruda no Densetsu: Riruto no Chikai,67.3K,4.33,18
179,Silver Spoon (OZAWA Mari),Cooking-Drama-Josei-Sliceoflife,"
Ozawa Mari ",Ongoing,銀のスプーン ; Gin no Spoon,541.2K,4.89,402
180,I Have No Health,Drama-Fantasy-Romance-Shoujo,"
Lee Haron - Vanilla ",Ongoing,건강이 없습니다 / I Am Not Healthy,16.9M,4.85,1651
181,My Three Tyrant Brothers,Fantasy-Romance-Shoujo,"
Jomill - Km - Mint ",Ongoing,폭군 오빠가 셋이래요,21.3M,4.64,2165
182,If You Wish for My Despair,Comedy-Drama-Fantasy-Romance-Webtoons-Manhwa,"
Konekoneko - Samoh ",Ongoing,"To You Who Desire My Despair , To You Who Wish For My Despair , あなたが私の絶望を願うなら , Anata ga Watashi no Zetsubou wo Negaunara , 나의 절망을 바라는 당신에게",612.3K,3.72,133
183,Mahoutsukai Mana to H no Tobira,Adventure-Comedy-Fantasy-Seinen-Erotica,"
Nakajima Kouki ",Ongoing,魔法使いマナと叡痴の扉 ; Mahoutsukai Mana to Eichi no Tobira ; Mana the Witch and the Door of H ; Wizard Mana and the Door of Wisdom,448.7K,4.53,51
184,Girls und Panzer - Garupan Kindergarten,Sliceoflife,"
Jinguu ",Ongoing,がるぱん幼稚園,29.7K,4.9,29
185,The Former Prostitute Became a Rich Wife,Drama-Josei-Romance-Erotica,"
Kanau Honoka ",Ongoing,元風俗嬢が金持ち妻になりました ; Moto Fuuzokujou ga Kanemochi Tsuma ni Narimashita,3.6M,2.51,975
186,Immortal Cultivation Is a Dead End,Action-Drama-Fantasy-Martialarts-Romance,"
多格文化 ",Ongoing,修仙死路一条 ; Xiuxian Silu Yitiao ; Xiūxiān Sǐlù Yītiáo,551.2K,4.42,149
187,Soukou Akki Muramasa: Makai-hen,Action-Martialarts-Mecha-Shounen-Supernatural,"
Nitroplus - Gotou Midori ",Ongoing,Soukou Akki Muramasa: Makai-hen ; Full Metal Daemon Muramasa: The Demon World ; Цельнометаллический Демон Мурамаса: Мир Иной ; 装甲悪鬼村正 魔界編,2.8K,4.4,5
188,The World is Money and Power,Schoollife-Shounen-Manhwa,"
Han Dong-Woo - Lee Doo-Hee ",Ongoing,세상은 돈과 권력,12.5M,4.69,2053
189,The Essence Of A Perfect Marriage,Drama-Romance,"
영 - 이범배 - 제리볼 ",Ongoing,The Perfect Way To Get Married / Perfect Marriage / 완벽한 결혼의 정석,10.5M,4.67,670
190,To deny the route,Fantasy-Shounenai-Webtoons,"
Honey Trap ",Ongoing,루트를 거부하는 방법,123.4K,4.22,37
191,Can I Cancel The Confession?,Comedy-Josei-Romance-Schoollife-Sliceoflife,"
Shinmae ",Ongoing,고백 취구도 되나? ; Can I Cancel My Confession? ; Can the Confession Be Cancelled? ; Gobaek Chwiso-do Doena? ; ,1.3M,3.98,93
192,The Big Shot’s Darling Returns,Drama-Romance-Shoujo,"
Qingyu Gaffey - Yuewen Manhua ",Ongoing,大佬的心肝穿回来了,535.3K,4.42,74
193,I Failed to Divorce My Husband,Comedy-Fantasy-Historical-Oneshot-Romance-Shoujo-Isekai,"
Yulji - 율지 - Soonjin Moogu ",Ongoing,Falhei em me Divorciar do Meu Esposo ; I am Afraid I have Failed to Divorce My Husband ; 与腹黑丈夫的离婚似乎失败了 ; 黒幕夫に惚れられました ; 흑막 남편과의 이혼에 실패한 것 같다,9M,4.75,724
194,Shokuryou Jinrui Re: Starving Re:velation,Horror-Schoollife,"
Mizutani Kengo - Kuraishi Yuu ",Ongoing,食糧人類Re: -Starving Re:velation- ; Starving Anonymous 2,1.4M,4.61,284
195,Drunken Love,Romance-Schoollife-Erotica,"
조상덕 ",Ongoing,Alcoholism ; 주정관계,1M,2.5,165
196,Hajimete no Gal,Comedy-Romance-Schoollife-Shounen,"
Ueno Meguru ",Ongoing,はじめてのギャル (Japanese); 第一次的Gal (Chinese); 첫 갸루 (Korean); Hajimete no Gyaru; My First Gal (English),60.7M,"rate :
4.39/
5",5
197,Don't Pick Up Boyfriends From The Trash,Adventure-Comedy-Drama-Mature-Psychological-Romance-Shounenai-Webtoons,"
白梦社 - 映梦社 - Riding A Whale South ",Ongoing,不要在垃圾桶里捡男朋友,417.9K,3.58,84
198,Detroit: Become Human - Tokyo Stories,Drama-Shoujo,"
Sawatari Kazami - Quantic Dream ",Ongoing,デトロイトビコムヒューマン東京スートリーズ,25.3K,4.43,14
199,Grand Dwarf,Action-Adventure-Fantasy-Seinen-Supernatural-Isekai,"
Saito Naotake ",Ongoing,"Grand Wharf ; Gurandowaafu - Machi Kou Shokunin, Takumi no Waza de Isekai Musou ; Grand Dwarf - Machi Kou Shokunin, Takumi no Waza de Isekai Musou ; グランドワーフ〜町工職人、匠の技で異世界無双〜 ; Grand Dwarf ~ The Smalltown Craftsman's Skills Are Unmatched In Another World ~",293.1K,4.78,314
200,I Will Just Stick to the Protagonist,Drama-Fantasy-Historical-Romance-Shoujo-Webtoons-Manhwa,"
Gong Eun Hwa Sa - Haessi ",Ongoing,I Will Be Next to the Main Character ; I Will Just Stick to the Main Character ; 주인공 옆에 붙어만 있겠습니다,3.1M,4.7,267
201,A Saintess Who Was Adopted by the Grand Duke,Fantasy-Historical-Romance-Shoujo,"
Song Iba ",Ongoing,대공가에 입양된 성녀님,3.1M,"rate :
4.82/
5",5
202,Tiger's Coming Down,Drama-Romance-Schoollife-Supernatural-Webtoons-Yaoi,"
Sadasae - 사다새 ",Ongoing,The Tiger Is Descending ; Tiger Is Coming ; 범 내려온다,625.7K,4.08,36
203,Watari-kun no xx ga Houkai Sunzen,Drama-Harem-Romance-Schoollife-Seinen,"
Narumi Naru ",Ongoing,渡くんの××が崩壊寸前 (Japanese); 渡君的XX即将崩坏 (Chinese); 와타리군의 XX가 붕괴직전 (Korean); Watari-kun no ×× ga Houkai Sunzen; Watari-kun no Batsu Batsu ga Houkai Sunzen; Watari-kun no Batsubatsu ga Houkai Sunzen; Watari-kun's XX Is on the Brink of Collapse (English),30.3M,4.3,1704
204,"Tensei Shitekara 40-nen. Sorosoro, Ojisan mo Koi ga Shitai. Nidome no Jinsei wa Harem Route?!",Adventure-Comedy-Fantasy-Harem-Shounen-Isekai,"
Seiro ",Ongoing,転生してから４０年。そろそろ、おじさんも恋がしたい。　二度目の人生はハーレムルート!? ; It's been 40 years since I was reincarnated. It's time for this uncle to fall in love.,85.1K,4.26,94
205,Wistoria's Wand and Sword,Action-Adventure-Fantasy-Supernatural,"
Oomori Fujino ",Ongoing,Tsue to Tsurugi no Wistoria; Wistoria of Wand & Sword; Wistoria of Wand and Sword; 杖と剣のウィストリア; Wistoria: Wand and Sword,8.8M,4.56,2132
206,The Palace Beast,Fantasy-Historical-Romance,"
Jeong Oneul ",Ongoing,Beast of the Palace / 궁궐의 맹수,265.3K,4.28,78
207,The Live,Action-Adventure-Fantasy-Manhwa,"
Black Ajin ",Ongoing,THE LIVE〜未来からの日記〜; 保命日記 ; 더 라이브,56.9M,"rate :
4.72/
5",5
208,The Game That Will End Me,Adventure-Fantasy-Mystery,"
Naver Webtoon ",Ongoing,The End of the World is Just a Game to Me,236.6K,4.72,130
209,The Game That Will End Me,Adventure-Fantasy-Mystery,"
Naver Webtoon ",Ongoing,The End of the World is Just a Game to Me,236.6K,4.72,130
210,Memoir of the God of War,Action-Adventure-Fantasy-Historical-Martialarts-Shounen-Tragedy,"
Ugak (우각) ",Ongoing,전왕전기 ; 戰王傳記 ; Chiến Vương Truyền Ký ; Мемуары Бога Войны ; Jeonwang Electric ; 戦王伝記 ; Memoir Of The King Of War ; Jeonwangjeongi,42.2M,"rate :
4.76/
5",5
211,Memoir of the God of War,Action-Adventure-Fantasy-Historical-Martialarts-Shounen-Tragedy,"
Ugak (우각) ",Ongoing,전왕전기 ; 戰王傳記 ; Chiến Vương Truyền Ký ; Мемуары Бога Войны ; Jeonwang Electric ; 戦王伝記 ; Memoir Of The King Of War ; Jeonwangjeongi,42.2M,"rate :
4.76/
5",5
212,Memoir of the God of War,Action-Adventure-Fantasy-Historical-Martialarts-Shounen-Tragedy,"
Ugak (우각) ",Ongoing,전왕전기 ; 戰王傳記 ; Chiến Vương Truyền Ký ; Мемуары Бога Войны ; Jeonwang Electric ; 戦王伝記 ; Memoir Of The King Of War ; Jeonwangjeongi,42.2M,"rate :
4.76/
5",5
213,Chieri's Love Is 8 Meters,Comedy-Romance-Schoollife-Shounen,"
Mitogawa Wataru ",Ongoing,Chieri no Koi wa 8 Meter ; ちえりの恋は8メートル,2.4M,4.64,832
214,To the Alien I Love,Comedy-Drama-Romance-Shoujo-Supernatural,"
Gyanga ",Ongoing,내가 사랑하는 외계인에게,47.9K,3.8,15
215,Saving My Sweetheart,Comedy-Drama-Fantasy-Historical-Romance-Shoujo-Manhwa,"
Han Yujeong - Hound - Kim Jiei ",Ongoing,"A Way to Protect the Lovable You ; A Way to Protect You, Sweetheart ; Cara Menjagamu, Sayangku ; Cara Untuk Melindungi Kekasihku Como proteger seu coração ; Cách Để Bảo Vệ Tình Yêu Của Tôi ; Cómo proteger tu corazón ; How to Keep Your Sweetheart ; La sainte et le dragon ; Seni Korumanın Bir Yolu, Sevgilim ; The Way to Protect the Lovable You (Indonesian) ; 優しいあなたを守る方法 ; 只想守護溫柔的你 ; 如何守护温柔的你 ; 将温柔的你守护的方法 ; 다정한 그대를 지키는 방법",36.2M,"rate :
4.84/
5",5
216,A Perfect Ending Plan of the Villain in a Fairy Tale,Action-Adventure-Comedy-Drama-Fantasy-Romance-Shoujo-Webtoons-Manhwa,"
Peach Pie - 피치 파이 - Yangyang ",Ongoing,The Perfect Ending for the Villainess of a Fairy Tale ; A Perfect Ending Plan of the Villain in a Fairy Tale ; El plan perfecto de la villana para el cuento de hadas ; Fairy Tale Villain's Perfect Ending Plan ; Perfect Ending Plan of a Fairy Tale Villainess ; 反派角色的完美結局 ; 童話裡反派的完美結局 ; 童话里反派的完美结局 ; 동화 속 악역의 완벽한 엔딩 플랜,11.9M,4.7,589
217,The princess is evil,Fantasy-Romance-Shoujo-Isekai,"
Cha Soheec / Ggomi ",Ongoing,The Wicked Little Princess; 황녀님이 사악하셔 ; Hwangnyeonimi Saakasyeo ; 皇女殿下很邪恶 ; The Princess Is Evil,27.6M,4.78,2797
218,The princess is evil,Fantasy-Romance-Shoujo-Isekai,"
Cha Soheec / Ggomi ",Ongoing,The Wicked Little Princess; 황녀님이 사악하셔 ; Hwangnyeonimi Saakasyeo ; 皇女殿下很邪恶 ; The Princess Is Evil,27.6M,4.78,2797
219,Mercenary Enrollment,Action-Adventure-Drama-Romance-Scifi,"
Yc ",Ongoing,Teenage Mercenary ; High School Mercenary (French) ; High School Soldier (Indonesian) ; Mercenario adolescente ; Mercenary Enrollment ; Söldnereinschreibung ; Tentara Menyamar Jadi Anak SMA ; 入学傭兵 ; 入學傭兵 ; 少年佣兵 ; 입학용병,128.4M,"rate :
4.62/
5",5
220,The Super Doctor From 2089,Action-Fantasy-Scifi-Shounen-Webtoons,"
Pojie ",Ongoing,"妙手狂医, Dr.Devil",39.3M,4.2,2740
221,The Newbie is Too Strong,Action-Adventure-Fantasy-Manhwa,"
Shin Jung-Min (신정민) - Ssikku (씨꾸) - Itbaem (잇뱀) - Midas ",Ongoing,뉴비가 너무 강함 ; Слишком сильный нуб,24.9M,"rate :
4.79/
5",5
222,Ghoul ga Sekai wo Sukutta Koto wo Watashi dake ga shitteiru,Action-Adventure-Drama-Fantasy-Seinen-Erotica,"
Katou Myoujin ",Ongoing,グールが世界を救ったことを私だけが知っている ; Only I Know the Ghoul Saved the World,180.2K,4.15,106
223,Doku Doku Mori Mori,Drama-Fantasy-Horror-Seinen,"
Segawa Noboru ",Ongoing,どく・どく・もり・もり ; Poison Poison Forest Forest,83.3K,4.68,79
224,A Tree Without Roots,Drama-Mature-Psychological-Webtoons-Yaoi,"
라포 - Lapo ",Ongoing,Sin Raíces ; Árbol Sin Raíces ; 无根树 ; 뿌리 없는 나무,1.4M,4,172
225,World’s Apocalypse Online,Action-Adventure-Fantasy-Scifi,"
Fireworks Becomes A City - Six One ",Ongoing,Apocalypse Online ; Battle Through the Apocalypse ; Chư Giới Tận Thế Online ; このゲーム世界に救いを ; 诸界末日在线 ; 게임이라는 이 세계에 구원을,42M,"rate :
4.85/
5",5
226,F-Class Destiny Hunter,Action-Adventure-Fantasy-Manhwa,"
Anamin ",Ongoing,F-Class Destiny Hunter,4.2M,"rate :
4.7/
5",5
227,Reborn Ranker – Gravity User,Action-Adventure-Drama-Fantasy-Shounen-Supernatural,"
Nekoko - Chikuwa ",Ongoing,Adventurers aim for the strongest in hidden classes ; 冒険者は隠しクラス〈重力使い〉で最強を目指す,8.8M,"rate :
4.31/
5",5
228,Magic Level 99990000 All-Attribute Great Sage,Adventure-Fantasy-Shounen-Isekai,"
Fude Oruka ",Ongoing,魔力9999万 全属性使いの大賢者 ; Maryoku 9999 man Zen Zokusei Tsukai no Dai Kenja,7.9M,3.85,2395
229,Lu Bu’s life story,Action-Drama-Fantasy-Historical-Martialarts-Seinen,"
阅文漫画 ",Ongoing,Lu Bu's Life Simulator ; Lu Bu's Life Story ; Lvbu De Rensheng Moni Qi ; Lǚbù De Rénshēng Mónǐ Qì ; 吕布的人生模拟器,1.3M,4.64,301
230,Oomuroke,Action-Comedy-Schoollife-Shoujoai-Sliceoflife,"
Namori ",Ongoing,大室家 ; Ōmuro-ke ; Oomuro Family ; Oomuro-ke,687.2K,3.86,187
231,Sukinako ga Megane wo Wasureta - Twitter Side Stories,Comedy-Romance-Schoollife-Shounen-Sliceoflife,"
Fujichika Koume ",Ongoing,好きな子がめがねを忘れた ; The Girl I Like Forgot Her Glasses - Twitter Side Stories,355.3K,4.31,45
232,Uryuudou Yumebanashi,Drama-Historical-Josei-Mystery-Supernatural,"
Hatsu Akiko ",Ongoing,Dreams of the Rainy Willow Store ; Dreamy Tales of the Rainy Willow Store ; 雨柳堂夢咄,161.2K,3.69,51
233,Catastrophic Necromancer,Action-Adventure-Martialarts-Schoollife-Isekai,"
黑鸟社 ",Ongoing,死灵法师！我即是天灾 ; Si Ling Fashi! Wo Ji Shi Tianzai ; Sǐ Líng Fǎshī! Wǒ Jí Shì Tiānzāi ; Disastrous Necromancer ; Necromancer! I Am a Disaster ; Necromancer: King of The Scourge,2M,"rate :
4.75/
5",5
234,The Bully In-Charge,Action-Drama-Seinen,"
Grimzo ",Ongoing,일진담당일진 ; Iljin in Charge Iljin,19.1M,"rate :
4.72/
5",5
235,Blue Lock,Action-Drama-Shounen-Sports,"
Muneyuki Kaneshiro - Yuusuke Nomura ",Ongoing,"Bluelock,ブルーロック,Синяя Тюрьма: Блю Лок",87.4M,"rate :
4.53/
5",5
236,Star's Last Wish,Adventure-Comedy-Drama-Fantasy-Josei,"
Hoo Eun ",Ongoing,별의 유언 ; Child from the Mountain ; Star's Will ; Testament to the Stars,125.4K,4.83,23
237,Reincarnation of the Veteran Soldier,Action-Drama-Fantasy-Shounen-Manhwa,"
Hooding - Sinmani ",Ongoing,말년용사,11.4M,"rate :
4.7/
5",5
238,See You Never,Romance-Shounenai-Tragedy-Manhua,"
Tian Xi ",Ongoing,来生不见 ; Don't Meet Again in the Next Life ; Don't Want To See You In The Next Life ; Laisheng Bujian ; Láishēng Bùjiàn ; No Te Volveré A Ver En Mi Próxima Vida ; Living Life Over,1.4M,4.02,227
239,A Red Knight Does Not Blindly Follow Money,Fantasy-Romance-Shoujo,"
Rosiwon ",Ongoing,A True Knight Does Not Blindly Follow Money ; A Red Knight Does Not Blindly Follow Money ; A True Knight Does Not Blindly Follow Money ; El caballero ya no sigue el dinero ciegamente ; Kỵ sĩ đỏ không mê tiền mù quáng ; Một Hiệp Sĩ Chân Chính Không Chạy Theo Tiền Một Cách Mù Quáng ; Um cavaleiro vermelho não segue o dinheiro cegamente ; Une chevalière rouge ne suit pas de l'argent ; Настоящий рыцарь никогда не бывает ослеплен деньгами ; رواية الفارسة الحمراء لا تتبع المال بشكل أعمى,17.5M,4.64,2518
240,Kuroitsu-san in the Superhuman Research & Development Department,Comedy-Fantasy-Genderbender-Seinen,"
Mizusaki Hiroaki ",Ongoing,Kaijin Kaihatsubu no Kuroitsu-san ; 怪人開発部の黒井津さん,886.9K,4.06,167
241,Introduction to Survival,Action-Mature-Psychological-Seinen-Tragedy-Manhwa,"
Haru (하루) - Mr Quokka ",Ongoing,생존학 개론 ; The Way Of Survival,3.9M,4.72,630
242,Kaguya Hime,Adventure-Drama-Genderbender-Harem-Horror-Mystery-Romance-Scifi-Shoujo,"
Shimizu Reiko ",Ongoing,ميرة القمر (Arabic) ; 輝夜姫 ; 輝夜姬 ; 월광천녀 ; Kaguya-hime: The Moon Princess ; La Principessa Splendente ; Nàng Tiên Ánh Trăng ; Princess Kaguya (SHIMIZU Reiko) ; Princesse Kaguya (French) ; Prinzessin Kaguya (German) ; The Moon Princess,938K,2.14,337
243,Erotical Wizard With Twelve Brides,Action-Comedy-Fantasy-Harem-Romance-Schoollife-Shounen-Erotica,"
Hikaru Taiyou ",Ongoing,エロティカル・ウイザードと12人の花嫁 ; Ero Tea Karu Wizard to 12 Nin No Hanayome ; Penyihir Erotis dan 12 Pengantin ; Erotical Wizard to 12 Nin No Hanayome,2.8M,4.57,325
244,Remake Our Life!,Comedy-Romance-Schoollife-Shounen-Sliceoflife,"
Nachi Kio - Bonjin Hirameki ",Ongoing,"Bokutachi no Remake, ぼくたちのリメイク",9M,4.68,1680
245,Fundamentals of Light,Action-Comedy-Drama-Fantasy-Historical-Shounen,"
Tokitaka Mitsuki ",Ongoing,"Hikari no Iroha,ひかりのいろは",1.6M,4.77,279
246,Cardcaptor Sakura - Clear Card Arc,Action-Comedy-Drama-Fantasy-Romance-Schoollife-Shoujo-Supernatural,"
Clamp ",Ongoing,カードキャプターさくら クリアカード編 (Japanese); Cardcaptor Sakura - Clear Card-hen; Cardcaptor Sakura: Clear Card Arc; Cardcaptor Sakura: Clear Card-hen,4.7M,4.79,378
247,"I'm a former slave, but I tried to buy an oni slave who I later found to have too much energy so I want to throw him away...",Fantasy-Romance,"
Amaharu Niko ",Ongoing,"I Bought A Demon Slave But It's Too Strong That I Want To Throw It Away... ; Moto Dorei Desuga, Oni No Dorei Wo Katte Mitara Seiryoku Ga Tsuyosugiru Node Sutetai... ; 元奴隷ですが、鬼の奴隷を買ってみたら精力が強すぎるので捨てたい...",5.6M,4.3,1038
248,Blade Of Wind And Thunder,Action-Martialarts,"
Maeum Hana (One Heart) ",Ongoing,풍뢰도,8.5M,4.64,516
249,Choose Your Heroes Carefully,Drama-Fantasy-Romance-Shounenai,"
Iminu - Jackc - Team Pichi ",Ongoing,Pick Your Hero Carefully ; Choose Your Hero Carefully ; 영웅 뽑기는 신중하게 ; 召唤美男英雄的代价 ; 英雄ガチャは慎重に,493.5K,4.13,80
250,Ballpark de Tsukamaete!,Comedy-Romance-Seinen-Sliceoflife,"
Suga Tatsurou ",Ongoing,The Catcher in the Ballpark! ; ボールパークでつかまえて！,3.2M,4.71,605
251,Fushigi no Mayuri-san,Comedy-Schoollife-Sliceoflife-Supernatural,"
Pan ",Ongoing,Mysterious Mayuri-san ; 不思議のまゆりさん,3.9M,4.63,465
252,Sword Demon Island,Action-Fantasy-Historical-Martialarts-Seinen,"
Woo-Gak ",Ongoing,검마도,4.8M,4.57,553
253,Date of Marriage,Josei-Romance,"
Ito Nashihara ",Ongoing,"If You Can't Have a Fiance, Let's Get Married ;
Kekkon Yoteibi ;
結婚予定日",142.6K,4.33,45
254,The Reader and Protagonist Definitely Have to Be in True Love,Action-Adventure-Comedy-Fantasy-Shounenai-Supernatural,"
颓 ",Ongoing,Reader + Protagonist; TRAPDHTBITL; นักอ่านกับพระเอกน่ะ ต้องคู่กันอยู่แล้วนี่!?; 读者和主角绝逼是真爱,201.7K,4.07,55
255,Drug-Eating Genius Mage,Action-Drama-Fantasy-Shounen-Manhwa,"
Geul Geun Yook - Yeoun ",Ongoing,Medicine Genius Wizard ; 약먹는 천재 마법사 ; 약먹는 천재마법사,10M,"rate :
4.83/
5",5
256,Bunk Beds,Drama-Romance-Schoollife-Pornographic,"
Haron ",Ongoing,이층 침대,7M,"rate :
4.37/
5",5
257,The Player Hides His Past,Action-Adventure-Comedy-Fantasy-Manhwa,"
Gaechaban - Bethes ",Ongoing,The Player Hides His Past,2.1M,"rate :
4.86/
5",5
258,I Am Really Not the Demon Lord!,Action-Drama-Fantasy-Martialarts,"
Animation Boyi ",Ongoing,我真不是魔王 ; Wǒ zhēn bùshì mówáng ; Wo zhen bushi mowang ; I'm Really Not The Demon King,120.1K,4.47,95
259,Yumeotica,Mystery,"
Hoshino Tsubasa ",Ongoing,ユメオティカ ; Юмеотика,65.4K,3.88,8
260,The Former Top 1's Sub-Character Training Diary ~A Dedicated Player is Currently Conquering Another World!~,Action-Adventure-Fantasy-Harem-Shounen-Sliceoflife,"
Risou Maeda - Harutarou Sawamura ",Ongoing,"Moto Sekai Ichi'i Subchara Ikusei Nikki: Hai Player, Isekai wo Kouryakuchuu!, Moto Sekai Ichi'i Subchara Ikusei Nikki ~Hai Player, Isekai wo Kouryakuchuu!~, The Former World Number 1's Alt Character Training Diary, The Former Top 1’s Sub-Character Training Diary ~A Dedicated Player is Currently Conquering Another World!~, 元・世界１位のサブキャラ育成日記～廃プレイヤー、異世界を攻略中！～",40.8M,"rate :
4.75/
5",5
261,Rebirth Begins With Refusal Of Marriage,Drama-Romance-Shoujo,"
Ake Culture (阿柯文化) ",Ongoing,Chongsheng Tuihun Qi ; Rebirth of a Divorced Wife ; 重生退婚妻 ; Retaliation of an Unwanted Bride,813.9K,4,35
262,I Levelled Up by Becoming an Influencer,Action-Drama-Fantasy-Shounen,"
Akeno Wataru - Zui ",Ongoing,Appraisers level up through video distribution ; Kanteishi wa Douga Haishin de Level Up Through ; 鑑定士は動画配信でレベルアップする,3.1M,4.44,1093
263,"The World Will Be Destroyed Tomorrow, so I Want to Rub Your Boobs",Comedy-Romance-Schoollife,"
Tono Note ",Ongoing,Ashita Sekai ga Horobiru node Kimi no Oppai o Momitai. ; 明日世界が滅びるので君のおっぱいを揉みたい。,89.3K,4.56,52
264,Zatsuyou Fuyojutsushi ga Jibun no Saikyou ni Kizuku made,Action-Adventure-Shounen-Isekai,"
Tokura Haka ",Ongoing,雑用付与術師が自分の最強に気付くまで ; Until The Chore Granting Sorcerer Realized His Strongest,395.7K,4.77,292
265,The Suffering of a 26 Year Old Unloved Female Doomer,Comedy-Psychological-Seinen-Sliceoflife,"
Matoba Ryou ",Ongoing,限界独身女子(26)ごはん ; Genkai Dokushin Joshi (26) Gohan ; 26 Year Old Bachelorette's Meals,264.3K,4.52,152
266,No Guard Wife,Comedy-Romance,"
Yano Toshinori ",Ongoing, 防御力ゼロの嫁 ,8.8M,4.44,1239
267,Tekken Chinmi,Action-Adventure-Comedy-Martialarts-Shounen-Sliceoflife,"
Maekawa Takeshi ",Ongoing,鉄拳チンミ (Japanese); 拳精[铁拳小子] (Chinese); Ironfist Chinmi; Kung Fu Boy (English); Quyền Thuật Vô Song; Hoàng Phi Hồng (Vietnamese - Tiếng Việt - TV),1.2M,4.39,75
268,Genjitsushugisha no Oukokukaizouki,Action-Adventure-Comedy-Drama-Fantasy-Harem-Psychological-Romance,"
Dozeumaru ",Ongoing,現実主義勇者の王国再建記 ; How a Realist Hero Rebuilt the Kingdom,56.3M,"rate :
4.76/
5",5
269,I kill to be God: Beyond Human Barrier,Action-Drama-Fantasy,"
漫星球 ",Ongoing,刷怪成神：我打穿了人类禁区！漫画|官方在线漫画全集-快看,12.3K,4.79,28
270,Can I Bite You?,Drama-Fantasy-Romance-Shoujo,"
Hanseul - Judo - Soyhong ",Ongoing,물어보는 사이 / While Asking / Between Asking,2.9M,4.68,208
271,Vanilla Taste,Drama-Romance-Smut-Yaoi,"
I.a - Aame ",Ongoing,바닐라 테이스트,1.4M,3.41,206
272,Queen Bee,Action-Drama-Mature-Schoollife-Seinen,"
Hwalhwasan ",Ongoing,Queen Bee (Andrew) ; The Landlord's Little Girl ; 집주인 딸내미,19.7M,"rate :
1.87/
5",5
273,Like Wind on a Dry Branch,Drama-Fantasy-Romance-Manhwa,"
Moon Seaul - Uret - Dalsaeowl ",Ongoing,Cursed Blessing ; El viento que mece las ramas ; Like a Dry Branch in the Wind ; Like a Wind on a Dry Branch ; Like the Wind on a Dry Branch ; Như gió trên cành khô ; Wie ein welker Ast im Winde ; Подобно сухой ветви на ветру ; Хуурай мөчир дээрх салхи ; Хуурай мөчир дээрх салхи шиг ; همانند باد بر شاخه ای خشک؟ ; ราวลมพัดกิ่งไม้แห้ง ; នារីកូនបំណុល ; 废皇子的神秘情人 ; 廢皇子的神祕愛人 ; 赤い瞳の廃皇子 ; 마른 가지에 바람처럼,17.9M,4.79,2987
274,The Duchess' Secret Writing,Comedy-Drama-Fantasy-Historical-Romance-Shoujo,"
Beoteo - Bambi ",Ongoing,공작 부인의 은밀한 집필 ; The Duchess' Secret Writings ; 公爵夫人的秘密执笔 ; Gongjang Buinui Eunmilhan Jippil,55.1K,4.42,12
275,Older Elite Knight Is Cute Only in Front of Me,Comedy-Romance-Seinen,"
Yosuke Yoshino - Takata ",Ongoing,"Toshiue elite onna kishi ga boku no mae de dake kawaii,年上エリート女騎士が僕の前でだけ可愛い",30.4M,"rate :
4.62/
5",5
276,Kasane and Subaru,Comedy-Romance-Seinen,"
Yamada Kintetsu ",Ongoing,かさねと昴 ; Kasane to Subaru,823.5K,3.93,180
277,The Dungeon That Kills All Adventurers,Action-Adventure-Comedy-Fantasy-Horror-Shounen,"
Dowman Sayman ",Ongoing,Boukensha Zettai Korosu Dungeon ; 冒険者絶対殺すダンジョン,214.4K,4.45,120
278,"Moto Sekai Ichi'i Subchara Ikusei Nikki: Hai Player, Isekai wo Kouryakuchuu!",Action-Adventure-Comedy-Fantasy,"
Sawamura Harutarou ",Ongoing,"Moto Sekai Ichi'i Subchara Ikusei Nikki ~Hai Player, Isekai Wo Kouryakuchuu!~ ; Moto Sekai Ichii Subchara Ikusei Nikki Hai Player Isekai Wo Kouryakuchuu ; The Former Top 1'S Sub-Character Training Diary ~A Dedicated Player Is Currently Conquering Another World!~ ; The Former World Number 1'S Alt Character Training Diary ; 元・世界１位のサブキャラ育成日記～廃プレイヤー、異世界を攻略中！～ ; 전(前) 세계1위의 서브캐 육성일기~폐플레이어 이세계를 공략중!~",21.2M,"rate :
4.6/
5",5
279,Weak Hero,Action-Drama-Schoollife,"
Seopass ",Ongoing,Yakanyeongung ; 약한영웅 ; 弱美男英雄,33.5M,"rate :
4.61/
5",5
280,How to Fight,Action-Comedy,"
Park Tae Joon ",Ongoing,Viral Hit ; I Can Fight Better; Self Taught Fight; Ssaumdokak; นกสทปเบอร; 喧嘩独学; 格鬥實況; 直播风暴; 싸움독학,65.4M,"rate :
4.72/
5",5
281,Alpha Omega-Beta,Drama-Romance-Supernatural-Yaoi,"
晴空映画夏夜工作室X火星小说网 ",Ongoing,; The Bite of A Wolf,370.8K,3.86,109
282,"I Got Sent to Another World, but It's in the Mountains. In Reaction, I Choose Comfort Over Strength",Adventure-Drama-Fantasy-Shounen-Sliceoflife-Isekai,"
Jaga Butter ; Iwasaki Minako ; Tsutaya Sora ",Ongoing,Isekai Ni Teni Shitara Yama No Naka Datta. Handou De Tsuyo Sayori Mo Kaitekisa O Erabi Mashita. ; 転移したら山の中だった。反動で強さよりも快適さを選びました。,1.8M,4.7,620
283,The Red Ranger Becomes an Adventurer in Another World,Action-Adventure-Comedy-Fantasy,"
Nakayoshi Koyoshi ",Ongoing,戦隊レッド 異世界で冒険者になる,6.7M,4.66,985
284,The cool classmate ◯◯ years later...,Comedy-Romance-Sliceoflife,"
Kyutai X ",Ongoing,The Cool Classmate XX Years Later... ; Cool na Doukyuusei no ◯◯ Nengo… ; クールな同級生の◯◯年後... ; The Cool Classmate ◯◯ Years Later...,1.8M,4.65,542
285,I'm Addicted to Her,Comedy-Romance-Shounen-Sliceoflife-Sports,"
Oomi Tabi ",Ongoing,彼女のそれにやられてる ; Kanojo no Sore ni Yarareteru,1.6M,4.76,674
286,Climax Exorcism With A Single Touch!,Comedy-Harem-Horror-Mystery-Romance-Schoollife-Seinen-Supernatural,"
Akagi Hirotaka - Yuzuki N' ",Ongoing,Deatte hito Tsuki de Zecchou Jorei! @comic ; Dukun Cabul dari Jepang ; 一击绝顶除灵@comic ; 一擊絕頂除靈@comic ; 出会ってひと突きで絶頂除霊！@comic ; Deatte hito Tsuki de Zecchou Jorei!,1.7M,4.18,457
287,The Reincarnation Magician Of The Inferior Eyes,Action-Adventure-Fantasy-Harem,"
Hiro Touge - Yusura Citrus ",Ongoing,"Rettougan no Tensei Majutsushi, Rettou Me no Tensei Majutsushi ~ Shiitage Rareta Moto Yuusha wa Mirai no Sekai o Yoyuu de Ikinuku ~, 劣等眼の転生魔術師 ～虐げられた元勇者は未来の世界を余裕で生き抜く～",60.7M,4.43,10717
288,"Omiai Shitakunakatta node, Murinandai na Jouken wo Tsuketara Doukyuusei ga Kita Ken ni Tsuite",Comedy-Drama-Romance-Schoollife-Shounen,"
Sakuragi Sakura ",Ongoing,"About That Time I Didn’t Want to Have a Matchmaking Interview, So I Set Some Impossible Conditions and Then My Classmate Showed Up ; I Didn’t Want to Meet a Prospective Marriage Partner So I Set an Impossible Condition and Then My Classmate Came ; お見合いしたくなかったので、無理難題な条件をつけたら同級生が来た件について",194.1K,4.37,94
289,"Omiai Shitakunakatta node, Murinandai na Jouken wo Tsuketara Doukyuusei ga Kita Ken ni Tsuite",Comedy-Drama-Romance-Schoollife-Shounen,"
Sakuragi Sakura ",Ongoing,"About That Time I Didn’t Want to Have a Matchmaking Interview, So I Set Some Impossible Conditions and Then My Classmate Showed Up ; I Didn’t Want to Meet a Prospective Marriage Partner So I Set an Impossible Condition and Then My Classmate Came ; お見合いしたくなかったので、無理難題な条件をつけたら同級生が来た件について",194.1K,4.37,94
290,Joseon Sex Shop,Historical-Mature-Smut-Webtoons-Yaoi,"
Songmi ",Ongoing,Joseon Workshop ; Joseon Adult Toy Store ; Joseon Musical Workshop ; Joseon Sex Shop ; 汉阳工坊 ; 玩具工坊 ; 조선음구공방,475.8K,3.39,326
291,Unabiding to the Husband’s Virtue,Drama-Fantasy-Historical-Josei-Romance,"
猫猫头 ",Ongoing,Unabiding to the Husband’s Virtue manhua Bù Shǒu Fū Dé Unruly Husband 不守夫德 不守夫德(别名:撒娇女帝最好命) 撒娇女帝最好命 転生女帝は夫に徳を守らせたい,611.8K,4.4,35
292,How To Break Up With Him.,Drama-Smut-Yaoi,"
다롱 - 이오 - 박이끄 ",Ongoing,그와 헤어지는 방법,65.4K,3.48,33
293,Hero the Maximum,Action-Drama-Fantasy-Shounen-Manhwa,"
Park Jae-Yi ",Ongoing,히어로 더 맥시멈,4.3M,4.28,312
294,The Heavenly Emperor of Darkness,Action-Drama-Fantasy-Historical-Martialarts-Seinen-Manhwa,"
Son Yong Wan - Jangdam ",Ongoing,The Heavenly Emperor of Darkness,290.3K,4.43,93
295,The Werewolf Is Mine,Fantasy-Shounenai-Manhua,"
Yu Yan Wen Hua (欲言文化) ",Ongoing,拴好我的狼,58.6K,3.89,44
296,Atsumare! Fushigi Kenkyu-bu,Comedy-Harem-Romance-Schoollife-Shounen-Sliceoflife-Supernatural,"
Anbe Masahiro ",Ongoing,あつまれ！ふしぎ研究部 (Japanese); Assemble! Mysterious Research Club (English); Atsumare! Fushigi Kenkyuubu,31.1M,4.68,1924
297,"Koi de are, Koi de are, Koi de are",Comedy-Josei-Romance,"
Taku Youko ",Ongoing,恋であれ恋であれ恋であれ ;Koi de are Koi de are Koi de are,22.2K,4.2,5
298,Deatte hito Tsuki de Zecchou Jorei!,Comedy-Mystery-Romance-Schoollife-Seinen-Supernatural,"
Akagi Hirotaka - Yuzuki N' ",Ongoing,Deatte hito Tsuki de Zecchou Jorei! @comic ; Deatte hito Tsuki de Zecchou Jorei! ; 一击绝顶除灵 ; 出会ってひと突きで絶頂除霊！@comic,1.7M,4.42,336
299,The edge of ambiguity,Romance,"
Ez ",Ongoing,모호함의 언저리,568K,3.81,195
300,My Financial Backer is Only 5 Years Old,Drama-Romance,"
Updating ",Ongoing,My Patronizer Is 5 Years Old / My Patron Is Only 5 Years Old / Wo De Jin Zhu Zhi You 5 Sui / Wǒ De Jīn Zhǔ Zhǐ Yǒu 5 Suì / Your Heart Is Safe Now / 幸せのカタチ～御曹司の5歳児と疑似家族になったら～ / 我的金主只有5岁,192.9K,4.47,38
301,Abnormal Rommate,Mature-Romance-Smut-Webtoons-Yaoi,"
Lee Sohan - Yeon Yura ",Ongoing,Abnormal Roommate ; 어브노말 룸메이트,10K,3.44,16
302,I’m Actually a Cultivation Bigshot,Action-Comedy-Drama-Fantasy-Harem-Martialarts-Sliceoflife-Manhua,"
乱室佳人 - 绘世Tony ",Ongoing,Yuan Lai Wo Shi Xiu Xian Da Lao ; I Am a Cultivation Bigshot ; I'm Actually a Cultivation Big shot ; I'm Actually a Cultivation Bigshot ; So I Am the Godfather of Immortal Cultivation ; Turns Out I’m a Great Cultivator ; Yuán Lái Wǒ Shì Xiū Xiān Dà Lǎo ; 原来我是修仙大佬,18.7M,"rate :
4.66/
5",5
303,Form of Broken Love,Drama-Romance-Shounenai-Yaoi,"
岛上Project ",Ongoing,Siduitou Zhuma Fanchele!?! ; Sǐduìtóu Zhúmǎ Fānchēle!?! ; The Children Frienemy Is Derailed!?! ; 死对头竹马翻车了！？！,217.4K,3.58,67
304,King of Manifestations,Action-Adventure-Fantasy-Manhua,"
Tian Can Tu Dou - Bart.d - Dr. Daji ",Ongoing,"Absolute Resonance / Absolute Resonance manhua / 万相之王, King of Manifestations ,King of Myriad Idols",16M,4.32,629
305,Kamonohashi Ron no Kindan Suiri,Mystery,"
Amano Akira ",Ongoing,Ron Kamonohashi: Deranged Detective ; Рон Камонохаши: Невменяемый Детектив ; 鴨乃橋ロンの禁断推理,1.6M,4.68,229
306,GENTLE TYRANT,Action-Drama-Fantasy-Shoujo-Manhwa,"
Lucy - Choi Mongsil ",Ongoing,The Tyrant's Soft Side ; Gentle Tyrant ; Kaisar Tiran yang Lembut ; Soft Tyrant ; The Gentle Tyrant ; Нежный тиран ; 優しい暴君 ; 残暴皇帝的新娘 ; 残酷皇帝的新娘 ; 부드러운 폭군,5M,3.29,177
307,Vanitas no Shuki,Action-Comedy-Fantasy-Historical-Mystery-Scifi-Shounen-Supernatural,"
Mochizuki Jun ",Ongoing,ヴァ二タスの手記 ; Les Mémoires de Vanitas ; Memoir of Vanitas ; The Case Study of Vanitas ; Vanitas no Chart ; Vanitas no Karute ; Vanitas no Memorandum,5.6M,4.78,781
308,Soundless Cosmos,Adventure-Drama-Fantasy-Romance-Shoujo-Webtoons-Manhwa,"
Bing Ding - Lin Zaoshang - Si Tong ",Ongoing,宇宙琴未响,981.7K,4.45,150
309,In-house stalking is prohibited,Drama-Romance-Shoujo,"
Moon Chae-Ah - Omato - Kim Hyorim ",Ongoing,"No Snooping, Please ; In-House Stalking Is Prohibited ; Office Stalking Is Prohibited ; 社内ストーキングを禁止します ; 사내 스토킹을 금지합니다",1.2M,4.52,42
310,Martial Peak,Action-Adventure-Fantasy-Harem-Martialarts-Shounen,"
Momo (Ii) ",Ongoing,Wǔ Liàn Diān Fēng ; Wǔ Liàn Diānfēng ; Вершина боевых искусств ; Пик боевых искусств ; 武炼巅峰 ; Võ Luyện Đỉnh Phong ; Wu Lian Dian Feng ; Wu Lian Dianfeng ; 무련전봉 ; The Pinnacle of Martial Arts ; MP ; ذروة الفنون القتالية ; مارشال بيك,385M,"rate :
4.36/
5",5
311,Sora wo Matotte,Comedy-Drama-Mystery-Schoollife-Seinen-Sliceoflife,"
Komi Shinya ",Ongoing,空をまとって ; Wear the Sky,60.3K,4.79,71
312,Kinyobi wa Atelier de,Comedy-Romance,"
Hamada Sakura ",Ongoing,Friday In The Atelier ; Friday's (Secret) Meeting At The Atelier ; 周五相约在画室 ; 週五相約在畫室 ; 金曜日はアトリエで,350.9K,4.66,89
313,Swordmaster’s Youngest Son,Action-Adventure-Drama-Fantasy-Supernatural-Manhwa,"
Azi - Lee Je-Won (이제원) ",Ongoing,Youngest Son of the Renowned Swordsmanship Clan ; 검술명가 막내아들 ; The Youngest Son of a Renowned Family of Swordsmen ; Младший сын фехтовальщика,39.9M,"rate :
4.75/
5",5
314,Yuan Zun,Action-Fantasy-Martialarts-Shounen,"
Future Days Media ",Ongoing,元尊 ,87.8M,"rate :
4.64/
5",5
315,Lies Become You,Drama-Fantasy-Historical-Josei-Mature-Romance,"
Seoru (Ii) - Danbi ",Ongoing,Las mentiras disfrazadas en tí ; On the Same Boat ; While on the Same Boat ; 你即謊言 ; 同乘一艘船的關係 ; 한배를 탄 사이,2.9M,4.67,140
316,MAVE: Another World,Drama-Fantasy,"
Cho Yunkyung (Whynotme) ",Ongoing,MAVE: Dunia Baru / MAVE: もうひとつの世界 / MAVE: 另一个世界 / MAVE: 또 다른 세계,38.9K,4,9
317,Astral Pet Store,Action-Adventure-Fantasy-Martialarts-Supernatural-Manhua,"
阅文漫画 ",Ongoing,Chao Shen Chong Shou Dian ; Chāo Shén Chǒng Shòu Diàn ; Cửa hàng sủng thú siêu thần ; Super God Pet Shop ; 超神宠兽店,15.9M,"rate :
4.75/
5",5
318,Debut or Die,Comedy-Drama-Fantasy-Shounen-Sliceoflife,"
Baek Deoksoo - Soheun ",Ongoing,"데뷔 못 하면 죽는 병 걸림 ; If I Fail to Debut, I’ll Get a Killer Disease ; Debut or Death",4M,4.68,642
319,Debut or Die,Comedy-Drama-Fantasy-Shounen-Sliceoflife,"
Baek Deoksoo - Soheun ",Ongoing,"데뷔 못 하면 죽는 병 걸림 ; If I Fail to Debut, I’ll Get a Killer Disease ; Debut or Death",4M,4.68,642
320,Living With The Vampire Lady,Comedy-Romance,"
映梦社 ",Ongoing,和吸血鬼姐姐同居了; Hé Xīxuèguǐ Jiějiě Tóngjūle ; Living With a Vampire Sister ; Living With the Vampire Lady ; 和吸血鬼姐姐同居了,206.8K,4.78,366
321,Boundless Necromancer,Action-Adventure-Fantasy-Manhwa,"
Seonun - 2Salang ",Ongoing,The Boundless Necromancer ; 나 혼자 특성빨로 무한 성장,17.7M,"rate :
4.76/
5",5
322,New Year's Passion,Drama-Romance-Shounenai-Webtoons-Yaoi,"
Bori ",Ongoing,The Struggles of a Younger Top ; 年下攻受难记 ; 我与哥哥的拉锯战 ; 연하공 수난기,200.7K,4.05,59
323,New Year's Passion,Drama-Romance-Shounenai-Webtoons-Yaoi,"
Bori ",Ongoing,The Struggles of a Younger Top ; 年下攻受难记 ; 我与哥哥的拉锯战 ; 연하공 수난기,200.7K,4.05,59
324,I Asked My First Girlfriend Why She Went Out with Me,Psychological,"
Iwaba Junki ",Ongoing,初めて出来た彼女に何で付き合ってくれたのか訊いてみた ; Hajimete Dekita Kanojo ni Nande Tsukiattekureta no ka Kiitemita,808.8K,3.49,340
325,A Symbiotic Relationship Between A Rabbit And A Black Panther,Action-Adventure-Comedy-Drama-Fantasy-Romance-Supernatural,"
Boicha - 야식먹는중 ",Ongoing,The Symbiotic Relationship Between A Rabbit And A Black Panther / Symbiotic Relationship Between Rabbit And Black Panther / 토끼와 흑표범의 공생 관계,35.9M,4.85,5887
326,"After Ten Years of Chopping Wood, Immortals Begged To Become My Disciples",Action-Comedy-Fantasy-Harem-Mystery-Manhua,"
Updating ",Ongoing,"After Ten Years of Chopping Wood, Immortals Begged To Become My Disciples",14.6M,"rate :
4.52/
5",5
327,The Hero is Standing in My Way,Comedy-Drama-Fantasy-Romance-Webtoons-Manhwa,"
Updating ",Ongoing,The Hero is Standing in My Way / 남자 주인공이 내 앞길을 가로막는다 / A male protagonist is blocking my way,5.2M,4.32,133
328,Academy’s Genius Swordsman,Action-Fantasy-Shounen-Manhwa,"
Seok Wando - Sich ",Ongoing,Academy’s Genius Swordsman ;Academy's Genius Swordmaster,390.4K,4.83,356
329,Auto Hunting With My Clones,Action-Adventure-Drama-Fantasy-Shounen-Manhwa,"
Chassi - Opal - 차씨 - 오팔 - 제이알매니지먼트 ",Ongoing,분신으로 자동사냥 ; Bunsin-eulo Jadongsanyang ; Авто-охота с клонами,19.6M,"rate :
4.56/
5",5
330,Villain Lady Wishes to Be Like Nightingale,Comedy-Fantasy-Historical-Romance-Shoujo-Isekai,"
Sato - Oda Suzuka ",Ongoing,Akuyaku Reijou wa Yoru Tsugedori o Mezasu ; Akuyaku Reijou wa Nightingale wo Mezasu ; Akuyaku Reijou wa Yoru Tsugedori (Nightingale) o Mezasu ; The Villainess Who Became a Nightingale ; 恶役千金目标是成为夜告鸟 ; 悪役令嬢は夜告鳥〈ナイチンゲール〉をめざす ; 悪役令嬢は夜告鳥をめざす,4.9M,4.46,190
331,Futoukou no Nichijou,Comedy-Sliceoflife,"
Kuon Makoto ",Ongoing,The Everyday Life of a Truant ; 不登校の日常 ; La vida diaria de una chica que no quiere ir a la escuela,26.3K,3.6,42
332,Madou no Keifu,Fantasy-Historical-Shounen,"
Satou Sakura - Inuzuka Hiro ",Ongoing,Truth Weavers ; 魔導の系譜,6.8M,4.69,1107
333,Hoarding in Hell,Action-Adventure-Fantasy-Webtoons-Manhwa,"
Coby - Corgi Bear - 코기베어 - 김동훈 ",Ongoing,地狱独食 ; 地獄で独り占め ; 지옥에서 독식,36.7M,"rate :
4.69/
5",5
334,I Want To Drink Your Tears,Comedy-Romance-Schoollife-Shounen-Sliceoflife,"
Hirose Ayumu ",Ongoing,I Want To Drain Your Tears ; Kimi no namida o nomihoshitai ; 君の涙を飲み干したい,2.3M,4.67,533
335,I Want To Drink Your Tears,Comedy-Romance-Schoollife-Shounen-Sliceoflife,"
Hirose Ayumu ",Ongoing,I Want To Drain Your Tears ; Kimi no namida o nomihoshitai ; 君の涙を飲み干したい,2.3M,4.67,533
336,Merry Marbling,Comedy-Drama-Romance-Schoollife-Sliceoflife,"
Pengki ",Ongoing,메리 마블링; Merry Marbling 云石般的我们,423K,3.83,119
337,"Despite Coming From the Abyss, I Will Save Humanity",Action-Adventure-Comedy-Drama-Fantasy-Mystery-Romance-Supernatural-Manhua,"
Melon Bread Comics - 一簇西语 - 漫诗居士 ",Ongoing,"来自深渊的我今天也要拯救人类 ; Láizì Shēnyuān De Wǒ Jīntiān Yěyào Zhěngjiù Rénlèi ; Laizi Shenyuan De Wo Jintian Yeyao Zhengjiu Renlei ; I Who Came From Hell Also Want Save Mankind ; I, The Abyssal, Have Decided to Save Humanity Again Today",4.6M,4.31,871
338,Confession Attack,Comedy-Romance-Schoollife-Sliceoflife,"
늠개 ",Ongoing,고백어택,7.6K,4.88,25
339,Science Club Girl,Comedy-Romance-Schoollife,"
Koikawa Hayato ",Ongoing,科学部ガール ; Kagakubu Gaaru ; Science Department Girl ; Garota do clube de ciências,31.9K,4.97,31
340,Limited Run,Romance-Webtoons-Yaoi,"
Kim Eunji ",Ongoing,리미티드 런,3.7M,4.13,633
341,Daisy: How to Become the Duke's Fiancée,Drama-Romance,"
Lisabel ",Ongoing,Daisy: How to Become the Duke's Fiancée Deijii ~Koushaku no Fianse ni Naru Houhou~ 데이지 - 공작의 혼약자가 되는 법 デイジー～公爵の婚約者になる方法～,29.3M,4.76,3835
342,SKETCH,Yaoi,"
도삭 ",Ongoing,스케치,155.2K,4.51,55
343,My Boss Can’t Sleep Without Me,Drama-Fantasy-Romance-Webtoons-Manhwa,"
Googong - Kahyun ",Ongoing,Suspicious Sleep With the Boss / My Boss Can't Sleep Without Me / Clause nocturne / 상사와의 수상한 잠자리,62.3K,4.59,17
344,Momo to Manji,Comedy-Drama-Historical-Romance-Yaoi,"
Sakura Sawa ",Ongoing,百と卍 ; Manji,754.1K,3.36,208
345,Secret Inside My Head,Comedy-Drama-Romance-Sliceoflife-Erotica,"
Chaegu ",Ongoing,은밀한 머릿속 사정 ; Pensamientos Secretos,610.4K,4.18,112
346,Crossing the Line,Drama-Schoollife-Yaoi,"
Pangin - Hudadak ",Ongoing,Borderline Crossing / 선 넘는 사이,2.4M,3.4,388
347,The Strongest Brave Man of the Black Wizard,Action-Adventure-Comedy-Drama-Fantasy-Harem-Romance-Supernatural,"
Yuri Kimura - Meguru Seto - Johndee ",Ongoing,"The Mightiest Hero of Black ~My Party Members Betrayed Me so I’ll Stick With The Strongest Monster~,Shikkoku Tsukai No Saikyou Yuusha ~Nakama Zenin Ni Uragirareta No De Saikyou No Mamono To Kumimasu~,The Brave Jet Black Wizard: I Got Betrayed By My Comrades So I United With The Ultimate Monster,漆黒使いの最強勇者　〜仲間全員に裏切られたので最強の魔物と組みます〜,漆黒使いの最強勇者　仲間全員に裏切られたので最強の魔物と組みます,Hero of Darkness,Shikkoku Saikyo,Shikkoku tsukai no saikyo yusha nakama zen’in ni uragira retanode saikyo no mamono",16.3M,4.29,1736
348,Dunking on Succubi in Another World,Action-Adventure-Seinen-Isekai-Erotica,"
Kuzirazio ",Ongoing,サキュバスなんかに負けない異世界生活 ; Succubus naka ni makenai isekai seikatsu,520.5K,3.45,235
349,Masamune-kun no Revenge: Engagement,Comedy-Romance,"
Takeoka Hazuki ",Ongoing,Masamune-kun's Revenge: Engagement ; 政宗くんのリベンジ -engagement-,225.9K,3.71,210
350,Masamune-kun no Revenge: Engagement,Comedy-Romance,"
Takeoka Hazuki ",Ongoing,Masamune-kun's Revenge: Engagement ; 政宗くんのリベンジ -engagement-,225.9K,3.71,210
351,Marshal Is Jealous Everyday,Drama-Webtoons,"
Bian Yue Wenhua ",Ongoing,少帅每天都在吃醋,13.9M,4.19,1040
352,Flavors of Reincarnation,Drama-Fantasy-Josei-Romance,"
Hwang Mi-Ri ",Ongoing,Nuguui Aileul Nah-eulkka ; Reincarnated Beauty’s Love Affairs ; Tensei Bijo no Ren’ai Jijou ; Whose Child Are You Going to Give Birth To? ; Whose Child Should I Give Birth To? ; 転生美女の恋愛事情 ; 누구의 아이를 낳을까,390.3K,4.08,13
353,Pyeonghwa Restaurant,Comedy-Fantasy-Shounen-Sliceoflife,"
Tyang ",Ongoing,The Restaurant of Peace; Peace Restaurant,228.4K,4.67,147
354,The Remarriage Contract,Drama-Josei-Romance,"
설우희 ",Ongoing,"또다시, 계약 부부 ; A Contractual Couple Again ; Please Marry Me Again ; Let's Get Married Again",3.8M,4.53,273
355,"Sorry, But I Am Just a Normie",Action-Adventure-Drama-Fantasy-Romance-Manhwa,"
Chaulenjeu - Saegchae ",Ongoing,"I'm Sorry but I'm a Normal Person; I'm Sorry but I'm an Original Person; I'm Sorry, but I'm a Normal Person; I'm Sorry, but I'm a Regular Person; 죄송한데 제가 일반인이라서요",61.8K,3.74,19
356,Guiding Light,Drama-Mature-Romance-Smut-Webtoons-Yaoi,"
Clarju ",Ongoing,Dawn (Clarju) ; 동살,795.8K,3.82,204
357,Mermaid Bride of The Dragon King,Fantasy-Historical-Mystery-Romance-Manhua,"
Xianyu Culture ",Ongoing,Mermaid Bride of The Dragon King,844.5K,4.57,21
358,Lovely Fish,Fantasy-Historical,"
Rainbow Manhua - Xi Qianqian ",Ongoing,鲛人崽崽三岁啦,2.4M,4.71,431
359,Zero - The Man of the Creation,Adventure-Drama-Mature-Mystery-Seinen-Supernatural,"
Ai Eishi - Satomi Kei ",Ongoing,ゼロ (里見桂) (Japanese); ゼロ―THE MAN OF THE CREATION; 巧手天匠 (Chinese),1M,4.52,83
360,MookHyang - Dark Lady,Fantasy-Webtoons,"
Lee Jae Heon - Gugis - Jeondongjo ",Ongoing,묵향 다크레이디,55.6M,"rate :
4.18/
5",5
361,Sun-Kissed Heartbeats,Romance-Schoollife-Shounenai-Webtoons-Yaoi,"
Uldo ",Ongoing,The Sun Is Shining ;햇빛은 쨍쨍 ,32.4K,3.96,70
362,Sun-Kissed Heartbeats,Romance-Schoollife-Shounenai-Webtoons-Yaoi,"
Uldo ",Ongoing,The Sun Is Shining ;햇빛은 쨍쨍 ,32.4K,3.96,70
363,Babylon,Drama-Mystery-Psychological-Seinen,"
Mado Nozaki ",Ongoing,バビロン,17.9K,3.92,13
364,Winning Pass,Comedy-Schoollife-Shounen-Sports,"
Sakamoto Tatsuya ",Ongoing,ウイニング パス,1.7M,4.72,158
365,Divine Soul Emperor,Action-Adventure-Drama-Fantasy-Historical-Martialarts-Tragedy,"
大行道动漫 ",Ongoing,Emperor Wu ; God Soul Emperor ; Shénhún wǔdì ; 神魂武帝,23.2M,4.49,1150
366,Urban: I Have a New Identity Weekly,Action-Harem-Martialarts-Schoollife,"
软糖骑士 ",Ongoing,Wo Mei Zhou Yige Xin Shenfen ; I Have a New Identity Every Week ; Urban: I Have a New Identity Weekly ; Wǒ Měi Zhōu Yīgè Xīn Shēnfèn ; 我每周一个新身份,3.3M,4.26,772
367,Urban: I Have a New Identity Weekly,Action-Harem-Martialarts-Schoollife,"
软糖骑士 ",Ongoing,Wo Mei Zhou Yige Xin Shenfen ; I Have a New Identity Every Week ; Urban: I Have a New Identity Weekly ; Wǒ Měi Zhōu Yīgè Xīn Shēnfèn ; 我每周一个新身份,3.3M,4.26,772
368,Urban Rebellion,Action-Drama-Fantasy-Martialarts-Shounen,"
Manlywood - 漫莱坞 - Chuanqi Man Ye - Erciyuan ",Ongoing,Reborn as God of Destruction ; City of Heaven ; Rebellion of the City ; Urban Rebellion ; 人生リセット ; 都市之逆天仙尊,22.5M,4.41,2714
369,Lop-Eared Guard,Drama-Romance-Shounenai,"
Changpei Literature - Lin Qian - 原点格子漫画 ",Ongoing,Attendant With Dangling Ears ; cezs ; Chui Er Zhi Shi ; Chuí Ěr Zhí Shì ; Deacon Lop ; Everlasting Love. ; 垂耳执事,1.1M,3.94,186
370,Soul Land V,Action-Adventure-Fantasy-Martialarts-Supernatural-Manhwa,"
Tang Jia San Shao ; 神漫君 ",Ongoing,Combat Continent V - Reborn For You ; Douluo Dalu 5 - Reborn For You ; Douluo Dalu 5 Chongsheng Tangsan ; Soul Land 5 ; Soul Land 5 - Reborn For You ; Soul Land V - The Rebirth of Tang San ; 斗罗大陆 5 重生唐三,13.1M,4.6,655
371,Dance Dance Danseur,Drama-Romance-Schoollife-Seinen-Sliceoflife-Sports,"
George Asakura ",Ongoing,Danse Danse Danseur ; ダンス・ダンス・ダンスール,4.7M,4.2,403
372,Logging in as a Monster,Action-Drama-Fantasy,"
Whynotme Productions - Yeti ",Ongoing,Login Sebagai Monster ; Log in as a Monster ; 몬스터로 로그인,1.4M,4.33,207
373,I Can Have Infinite Epiphanies,Action-Drama-Fantasy-Historical-Martialarts-Shounen,"
星灵动漫 ",Ongoing,"Wo Keyi Wuxian Dunwu , Wǒ Kěyǐ Wúxiàn Dùnwù , 我可以无限顿悟",4.3M,4.33,300
374,I Can Have Infinite Epiphanies,Action-Drama-Fantasy-Historical-Martialarts-Shounen,"
星灵动漫 ",Ongoing,"Wo Keyi Wuxian Dunwu , Wǒ Kěyǐ Wúxiàn Dùnwù , 我可以无限顿悟",4.3M,4.33,300
375,The New Legend of the Strongest Man Kurosawa,Comedy-Drama-Historical-Psychological-Seinen-Sliceoflife,"
Fukumoto Nobuyuki ",Ongoing,The New Legend of A Strongest Man Kurosawa ; 新黒沢 最強伝説 ; Shin Kurosawa - Saikyou Densetsu,724.4K,4.53,43
376,Shoko Sensei!,Comedy-Schoollife-Seinen-Sliceoflife,"
Najimi ",Ongoing,しょうこセンセイ！ ; Shouko-Sensei!,188.3K,4.51,70
377,Yahari Ore no Seishun Rabukome wa Machigatte Iru. @ Comic,Comedy-Psychological-Romance-Schoollife-Seinen,"
Watari Wataru ",Ongoing,やはり俺の青春ラブコメはまちがっている。@comic ; My Youth Romantic Comedy Is Wrong as I Expected @ Comic ; Yahari Ore no Seishun Love Comedy wa Machigatte Iru. @ Comic,742.7K,4.43,128
378,Wind Breaker,Comedy-Drama-Romance-Sports-Tragedy-Webtoons-Manhwa,"
Jo Yongseuk ",Ongoing,윈드브레이커 (Korean),81.4M,"rate :
4.66/
5",5
379,The Constellations Are My Disciples,Action-Drama-Fantasy-Shounen-Manhwa,"
Inus Studio - Indoor Kim - Cha Ji Woon ",Ongoing,성좌들이 내 제자,12.3M,"rate :
4.78/
5",5
380,Shenwu Tianzun,Action-Adventure-Fantasy-Martialarts-Webtoons,"
Unknown ",Ongoing,"Shénwǔ tiānzūn ; 神武天尊,",28.6M,4.5,3897
381,Onimomogatari,Comedy-Seinen-Sliceoflife-Supernatural,"
Yanagi Akihito ",Ongoing,おにももがたり ; Oni Peach Tale,20.3K,3.94,18
382,Yureka,Action-Adventure-Comedy-Fantasy-Genderbender-Romance-Scifi-Shounen,"
Son Hee-Joon ",Ongoing,Юрека ; 유레카 ; id entity ; Identity ; iD_eNTITY ; Yureka - Thế giới đã mất,2.9M,4.52,100
383,"Even Though She's the Losing Heroine, The Bakeneko-chan Remains Undaunted",Comedy-Romance-Sliceoflife,"
Yaki Tomato ",Ongoing,負けヒロインだけどめげない化け猫ちゃ ; Make Heroine Dakedo Megenai Bakenekocha,25K,4.5,30
384,Ex-Husband Wants To Marry Again,Drama-Fantasy-Romance-Shounenai-Yaoi,"
书耽网 - 糖糕很甜 ",Ongoing,El ex-esposo quiere casarse de nuevo ; My Ex-Husband Wants to Remarry Again ; Qianfu You You You Xiang Fuhunle ; Qiánfū Yòu Yòu Yòu Xiǎng Fùhūnle ; 前夫又又又想复婚了,946K,3.42,221
385,Danshiryou no Omocha,Yaoi,"
Kikunosuke ",Ongoing,Danshiryou no Niku Dorei - Kichiku ni Kawareta 3 Nenkan ; 男子寮の玩具 ; 男子寮の肉奴隷-鬼畜に飼われた3年間,328.6K,3.77,86
386,Master Huo Fails To Pursue His Wife,Drama-Fantasy-Josei-Romance,"
漫神共创 ",Ongoing,Master Huo Fails In Chasing His Wife ; 霍少追妻又翻车了 ; Huò Shǎo Zhuī Qī Yòu Fānchēle,288.9K,4,26
387,Heavenly Eats,Comedy-Drama-Sliceoflife,"
Myoung Rang ",Ongoing,"God of Delivery, Delivery God, 配達의 神, 배달의 신",323.7K,3.7,33
388,Raven Saga,Fantasy-Webtoons-Manhwa,"
Chihiro Howe ",Ongoing,Raven Saga,229.6K,4.55,47
389,How to Serve the Vampire,Mature-Romance-Smut-Supernatural-Yaoi,"
Gided ",Ongoing,How to Serve That Vampire ; Ways To Take Care Of Vampires ; 服侍吸血鬼的方法 ; 照顾吸血鬼的方法 ; 그 뱀파이어를 모시는 법,675.4K,4.01,155
390,Satan's Bride,Fantasy-Romance-Webtoons-Manhwa,"
Huyusora - Lee Donghee ",Ongoing,왕의 공녀 / Wangui Gongnyeo / The King's Concubine / ニンゲンですが魔王に嫁ぐことになりました / La Promise du Roi Démon / Gadis Untuk Sang Raja / Satan's Bride/ Ningen Desuga Maou Totsugu Koto Ni Narimashita,2M,3.94,34
391,Satan's Bride,Fantasy-Romance-Webtoons-Manhwa,"
Huyusora - Lee Donghee ",Ongoing,왕의 공녀 / Wangui Gongnyeo / The King's Concubine / ニンゲンですが魔王に嫁ぐことになりました / La Promise du Roi Démon / Gadis Untuk Sang Raja / Satan's Bride/ Ningen Desuga Maou Totsugu Koto Ni Narimashita,2M,3.94,34
392,Ningen Desuga Maou Totsugu Koto Ni Narimashita,Fantasy-Romance,"
Lee Dong Hee ",Ongoing,왕의 공녀,10.9M,4.7,1887
393,Ningen Desuga Maou Totsugu Koto Ni Narimashita,Fantasy-Romance,"
Lee Dong Hee ",Ongoing,왕의 공녀,10.9M,4.7,1887
394,Ningen Desuga Maou Totsugu Koto Ni Narimashita,Fantasy-Romance,"
Lee Dong Hee ",Ongoing,왕의 공녀,10.9M,4.7,1887
395,NOiSE,Action-Horror-Mature-Scifi-Seinen,"
Nihei Tsutomu ",Completed,NOiSE ; Нойз ; NOiSE,428K,4.59,41
396,Noise,Drama-Seinen,"
Tetsuya Tsutsui ",Ongoing,ノイズ【noise】 ; 噪音【noise】,138.5K,4.58,43
397,The Castle: Ghost-eyed Bride,Action-Drama-Fantasy-Historical,"
Hyeyong - Jin Soye ",Ongoing,El castillo – La novia de Gwian ; The Castle (Pikan) ; The Castle - Cô dâu của quỷ ; The Castle: Ghost-Eyed Bride ; The Castle: The Prince's Bride ; Замок — Невеста Гвиана ; القلعة ; 더 캐슬 ; 더 캐슬 - 귀안의 신부,78.3K,4.72,29
398,There Were Times When I Wished You Were Dead,Drama-Fantasy-Romance,"
Aran - Jin Seo ",Ongoing,네가 죽기를 바랄 때가 있었다,9.5M,4.14,1717
399,Moon Slayer,Action-Drama-Fantasy,"
Col - Eihei Studio ",Ongoing,Zhan Yue ; 斩月 ; Moon Chopping ; Reborn as a Skeleton,306.1K,4.67,319
400,Becoming the Treasured Pet of Five Big Shots,Fantasy-Romance-Manhwa-Manhua,"
北京铭仑文化 ",Ongoing,我成了五个大佬的掌心宠 ;Becoming the Treasured Pet of 5 Big Shots; Becoming the Treasured Pet of Five Big Shots ; I Have Become 5 Big Shots' Palm Pet ; Wo Chengle Wu Ge Da Lao De Zhangxin Chong ; Wǒ Chéngle Wǔ Gè Dà Lǎo De Zhǎngxīn Chǒng ; The Apple of Five Men's Eye ; 我成了五个大佬的掌心宠,395.5K,3.03,30
401,Chiisai Boku no Haru,Comedy-Romance-Schoollife-Shounen-Sports,"
Atsumi Takeru ",Ongoing,Spring of Little Me ; 小さい僕の春,372.9K,4.75,195
402,Tomorrow (Llama),Action-Drama-Fantasy-Shoujo-Supernatural-Manhwa,"
Llama ",Ongoing,내일 (Korean); Naeil,300.1K,4.38,13
403,Did You Reject Mr.Lu Today?,Adventure-Drama-Romance,"
Iciyuan动漫 ",Ongoing,"Mr Lu?,今天拒绝陆先生了吗？ ; Do I Refuse Mr. Lu Today? ; Jetzt wird der Spieß umgedreht ; Jin Tian Ju Jue Lu Xian Sheng Le Ma? ; Jīn Tiān Jù Jué Lù Xiān Shēng Le Ma? ; Non merci, monsieur le PDG ; Refuse Mr. Lu ; Turn Him Down 100 Times ; Turning the Tables with a CEO ; 今天拒绝陆先生了吗？ ; 腹黒社長にハメられました ; 대표님, 오늘은 아니에요",887.3K,4.49,75
404,"I’m Sick and Tired of My Childhood Friend’s, Now Girlfriend’s, Constant Abuse so I Broke up With Her",Drama-Romance-Schoollife-Shounen,"
U35 - Manimani Ononata - Hige ",Ongoing,Osananajimi Kanojo no Morahara ga Hidoi n de Zetsuen Sengen Shite Yatta ; 幼馴染彼女のモラハラがひどいんで絶縁宣言してやった ; 幼馴染彼女のモラハラがひどいんで絶縁宣言してやった ~自分らしく生きることにしたら、なぜか隣の席の隠れ美少女から告白された~,3.9M,4.61,1438
405,My Apprentice Is Actually the Empress,Manhua,"
子曰文化 ",Ongoing,My Apprentice Is Actually the Empress ;Wǒ De Túdì Jūrán Shì Nǚdì ;Wo De Tudi Juran Shi Nvdi ; 我的徒弟居然是女帝,262K,4.67,159
406,Di Qiu Di Yi Jian,Action-Adventure-Martialarts-Manhua,"
两只猫先生 ",Ongoing,Dì Qiú Dì Yī Jiàn ; The First Sword of Earth ; 地球第一剑,11.1M,4.64,863
407,Overprotective Lady,Fantasy-Romance-Sliceoflife-Isekai,"
Updating ",Ongoing,과보호 아가씨,6.4M,4.56,192
408,All Starts With Ubume,Action-Adventure-Martialarts-Mystery-Shounen-Supernatural-Manhua,"
China Manhua - Zhihua Comics ",Ongoing,nother Beginning With the Guhuo Bird ; Bắt Đầu Từ Cửu Đầu Điểu ; Rebirth with A Second Chance ; Second Chance (China Manhua) ; The Beginning From Gu Huo Niao ; The Beginning with Gu Huo Niao ; The Start Again with Gu Huo Niao ; Xuyên Không Thành Chim ; 从姑获鸟开始,2.6M,4.08,103
409,I Picked Up An Attribute,Action-Martialarts-Mecha,"
Ciweimao ",Ongoing,我捡起了一地属性,21.6M,4.32,2151
410,I Became the Lousy Side Top,Comedy-Drama-Romance-Shounenai-Sliceoflife-Isekai,"
Backill - Robo - Seulki - Erim ",Ongoing,I Become a Boring Supporting Top Character ; I Become the Boring Second Male Lead ; Я стал глупым второстепенным персонажем ; 찌질한 서브공이 되었습니다 ; 찌질한 서브공이 되었습니다.,1.7M,4.24,268
411,Lavender in June,Drama-Romance-Shoujoai,"
Bamhee ",Ongoing,6월의 라벤더,38.4K,2.53,72
412,Very Tender Amae-chan!,Comedy-Romance-Shounen-Sliceoflife,"
Chilt ",Ongoing,Tottemo Yasashii Amae-chan! ; とっても優しいあまえちゃん！,285.7K,3.17,140
413,Dokgo 3,Action-Manhwa,"
Updating ",Ongoing,Dokgo 3,39.3K,3.6,5
414,Brilliantly Beautiful White Lotus Teaching Online,Drama-Romance-Shounenai-Manhua,"
五彩石漫画社 - 진수윤(까망소금) ",Ongoing,Seize My Boyfrien ; The White Lotus Is Online And Teaching ; Tuyệt Mỹ Bạch Liên Online Dạy Học ; 【快穿】绝美白莲在线教学 ; 绝美白莲在线教学,1.8M,3.81,609
415,The Great Master Sunyoo,Action-Drama-Fantasy-Historical-Martialarts-Shounen-Tragedy-Manhwa,"
No Kyoungchan (노경찬) - Park Chang-Hwan (박창환) ",Ongoing,"Daesahyong Sonnyu ; Sonnyu, the Great Master ; The Great Master ; The Great Master Sunyoo ; 대사형 선유",9.5M,4.36,392
416,Study Group,Action-Drama-Martialarts-Schoollife-Shounen,"
Hyungwook Shin ",Ongoing,스터디그룹,60.4M,"rate :
4.73/
5",5
417,Ulzzang Era,Drama,"
Park Tae Jun Comics Company - Man's Story ",Ongoing,Ulzzang Generation ; 얼짱시대,12.8K,4.85,20
418,Hikizan Tautology,Romance-Schoollife,"
柾塚ちい ",Ongoing,ひきざんトートロジー ; 减法累述,189.2K,4.53,490
419,Miyori no Nai Onnanoko,Comedy-Romance-Sliceoflife,"
Endo ",Ongoing,Miyori no Nai Onnanoko ; A Girl With No Relatives ; 身寄りのない女の子,5.2M,4.55,1001
420,The Duke of Cold Blood's Plan of Attack,Fantasy-Harem-Josei-Romance-Shoujo-Manhua,"
Daxingdao Animation - 大行道动漫 ",Ongoing,El Plan De Ataque Del Duque a Sangre Fria ; Lengxue Gongjue Gonglve Jihua ; Lěngxuè Gōngjué Gōnglüè Jìhuà ; Plan Estratégico del Duque a sangre fría ; Romance With Vampires ; The Cold-Blooded Duke's Attack Strategies ; The Cold-Blooded Duke's Strategy Plan ; The Duke of Cold Blood Plan of Attack ; 冷血公爵の攻略方法 ; 冷血公爵攻略计划,1.1M,4.25,105
421,Outrageous Prodigal,Action-Adventure-Comedy-Fantasy-Harem-Martialarts-Manhua,"
Extreme Culture ",Ongoing,Cực Phẩm Bại Gia Tử ; Super Spendthrift ; Supreme Prodigal ; 放蕩のすすめ ; 极品败家子,998.4K,3.93,198
422,Hanlim Gym,Action-Martialarts-Shounen-Sports-Webtoons-Manhwa,"
Hyeseong ",Ongoing,Hallim Gymnasium ; Young FC P.V.P ; 한림체육관,8.8M,4.55,412
423,The Ultimate of All Ages,Action-Adventure-Fantasy-Martialarts-Shounen-Isekai,"
Jack Norway - Tai Yi Shui Sheng ",Ongoing,The Ancient Sovereign of Eternity ; The Eternal Supreme ; 万古至尊,41.5M,"rate :
4.7/
5",5
424,A Modern Man Who Got Transmigrated Into the Murim World,Action-Drama-Fantasy-Historical-Martialarts-Shounen-Manhwa-Isekai,"
Yeo Beop-Ryong - Cheong Ru Yeon - Park Hee Jin ",Ongoing,무림에 떨어진 현대인,13.6M,"rate :
4.75/
5",5
425,DeathCord,Action-Drama-Psychological-Romance-Schoollife-Shounen-Supernatural-Manhwa,"
Buffering - Lim Dong-Gyu ",Ongoing,데스코드,1.8M,4.36,152
426,Entangled with the Duke,Comedy-Fantasy-Historical-Romance-Supernatural-Webtoons,"
Iciyuan ",Ongoing,"王爷不能撩,Entangled With The Prince!",11.9M,4.3,1193
427,K-ON! Shuffle,Comedy-Schoollife-Seinen-Sliceoflife,"
Kakifly ",Ongoing,けいおん！Shuffle ; けいおん！シャッフル,687.1K,4.32,128
428,Maiko-san Chi no Makanai-san,Shounen-Sliceoflife,"
Koyama Aiko ",Ongoing,舞妓さんちのまかないさん ; Kiyo in Kyoto: From the Maiko House ; The Caterer at the Maiko Manor ; La maison des Maiko ; Maiko-san Chi no Makanai-san ; Кухарка в доме майко ; Juru Masak Para Maiko ; The Makanai: Cooking for the Maiko House,5.6M,4.73,532
429,The Manager and The Oblivious Waitress,Romance-Sliceoflife,"
Aimai Mii ",Ongoing,Tenchou To Mujikakuna Tennin ; 店長と無自覚な店員,1.2M,4.52,275
430,The Lazy Swordmaster,Action-Adventure-Comedy-Drama-Fantasy-Shounen-Sliceoflife-Supernatural,"
Chorok Cha ",Ongoing,나태한 소드마스터,26.8M,"rate :
4.38/
5",5
431,The Old Man Who Got a Second Round in Another World,Adventure-Comedy-Fantasy-Harem-Seinen,"
Rui Tsukiyo - Hakuto Tachibana ",Ongoing,"Sono Ossan, Isekai de Nishuume Play wo Mankitsu Chuu,Isekai de Nishuume Play o Mankitsujuu,そのおっさん、異世界で二周目プレイを満喫中",7.6M,4.42,1360
432,Tomorrow,Action-Drama-Supernatural,"
Updating ",Ongoing,"Demain, Mañana, غدا, 來日, 明日, 還有明天, 내일",170.3K,3.43,14
